Prefecture,Category,Item,Value,Date,Primary_source,Secondary_source
Hokkaido,Population,Total,5320,10/1/2017,https://www.mhlw.go.jp/toukei/youran/indexyk_1_1.html,
Aomori,Population,Total,1278,10/1/2017,https://www.mhlw.go.jp/toukei/youran/indexyk_1_1.html,
Iwate,Population,Total,1255,10/1/2017,https://www.mhlw.go.jp/toukei/youran/indexyk_1_1.html,
Miyagi,Population,Total,2323,10/1/2017,https://www.mhlw.go.jp/toukei/youran/indexyk_1_1.html,
Akita,Population,Total,996,10/1/2017,https://www.mhlw.go.jp/toukei/youran/indexyk_1_1.html,
Yamagata,Population,Total,1102,10/1/2017,https://www.mhlw.go.jp/toukei/youran/indexyk_1_1.html,
Fukushima,Population,Total,1882,10/1/2017,https://www.mhlw.go.jp/toukei/youran/indexyk_1_1.html,
Ibaraki,Population,Total,2892,10/1/2017,https://www.mhlw.go.jp/toukei/youran/indexyk_1_1.html,
Tochigi,Population,Total,1957,10/1/2017,https://www.mhlw.go.jp/toukei/youran/indexyk_1_1.html,
Gunma,Population,Total,1960,10/1/2017,https://www.mhlw.go.jp/toukei/youran/indexyk_1_1.html,
Saitama,Population,Total,7310,10/1/2017,https://www.mhlw.go.jp/toukei/youran/indexyk_1_1.html,
Chiba,Population,Total,6246,10/1/2017,https://www.mhlw.go.jp/toukei/youran/indexyk_1_1.html,
Tokyo,Population,Total,13724,10/1/2017,https://www.mhlw.go.jp/toukei/youran/indexyk_1_1.html,
Kanagawa,Population,Total,9159,10/1/2017,https://www.mhlw.go.jp/toukei/youran/indexyk_1_1.html,
Niigata,Population,Total,2267,10/1/2017,https://www.mhlw.go.jp/toukei/youran/indexyk_1_1.html,
Toyama,Population,Total,1056,10/1/2017,https://www.mhlw.go.jp/toukei/youran/indexyk_1_1.html,
Ishikawa,Population,Total,1147,10/1/2017,https://www.mhlw.go.jp/toukei/youran/indexyk_1_1.html,
Fukui,Population,Total,779,10/1/2017,https://www.mhlw.go.jp/toukei/youran/indexyk_1_1.html,
Yamanashi,Population,Total,823,10/1/2017,https://www.mhlw.go.jp/toukei/youran/indexyk_1_1.html,
Nagano,Population,Total,2076,10/1/2017,https://www.mhlw.go.jp/toukei/youran/indexyk_1_1.html,
Gifu,Population,Total,2008,10/1/2017,https://www.mhlw.go.jp/toukei/youran/indexyk_1_1.html,
Shizuoka,Population,Total,3675,10/1/2017,https://www.mhlw.go.jp/toukei/youran/indexyk_1_1.html,
Aichi,Population,Total,7525,10/1/2017,https://www.mhlw.go.jp/toukei/youran/indexyk_1_1.html,
Mie,Population,Total,1800,10/1/2017,https://www.mhlw.go.jp/toukei/youran/indexyk_1_1.html,
Shiga,Population,Total,1413,10/1/2017,https://www.mhlw.go.jp/toukei/youran/indexyk_1_1.html,
Kyoto,Population,Total,2599,10/1/2017,https://www.mhlw.go.jp/toukei/youran/indexyk_1_1.html,
Osaka,Population,Total,8823,10/1/2017,https://www.mhlw.go.jp/toukei/youran/indexyk_1_1.html,
Hyogo,Population,Total,5503,10/1/2017,https://www.mhlw.go.jp/toukei/youran/indexyk_1_1.html,
Nara,Population,Total,1348,10/1/2017,https://www.mhlw.go.jp/toukei/youran/indexyk_1_1.html,
Wakayama,Population,Total,945,10/1/2017,https://www.mhlw.go.jp/toukei/youran/indexyk_1_1.html,
Tottori,Population,Total,565,10/1/2017,https://www.mhlw.go.jp/toukei/youran/indexyk_1_1.html,
Shimane,Population,Total,685,10/1/2017,https://www.mhlw.go.jp/toukei/youran/indexyk_1_1.html,
Okayama,Population,Total,1907,10/1/2017,https://www.mhlw.go.jp/toukei/youran/indexyk_1_1.html,
Hiroshima,Population,Total,2829,10/1/2017,https://www.mhlw.go.jp/toukei/youran/indexyk_1_1.html,
Yamaguchi,Population,Total,1383,10/1/2017,https://www.mhlw.go.jp/toukei/youran/indexyk_1_1.html,
Tokushima,Population,Total,743,10/1/2017,https://www.mhlw.go.jp/toukei/youran/indexyk_1_1.html,
Kagawa,Population,Total,967,10/1/2017,https://www.mhlw.go.jp/toukei/youran/indexyk_1_1.html,
Ehime,Population,Total,1364,10/1/2017,https://www.mhlw.go.jp/toukei/youran/indexyk_1_1.html,
Kochi,Population,Total,714,10/1/2017,https://www.mhlw.go.jp/toukei/youran/indexyk_1_1.html,
Fukuoka,Population,Total,5107,10/1/2017,https://www.mhlw.go.jp/toukei/youran/indexyk_1_1.html,
Saga,Population,Total,824,10/1/2017,https://www.mhlw.go.jp/toukei/youran/indexyk_1_1.html,
Nagasaki,Population,Total,1354,10/1/2017,https://www.mhlw.go.jp/toukei/youran/indexyk_1_1.html,
Kumamoto,Population,Total,1765,10/1/2017,https://www.mhlw.go.jp/toukei/youran/indexyk_1_1.html,
Oita,Population,Total,1152,10/1/2017,https://www.mhlw.go.jp/toukei/youran/indexyk_1_1.html,
Miyazaki,Population,Total,1089,10/1/2017,https://www.mhlw.go.jp/toukei/youran/indexyk_1_1.html,
Kagoshima,Population,Total,1626,10/1/2017,https://www.mhlw.go.jp/toukei/youran/indexyk_1_1.html,
Okinawa,Population,Total,1443,10/1/2017,https://www.mhlw.go.jp/toukei/youran/indexyk_1_1.html,
Hokkaido,Population,Male,2506,10/1/2017,https://www.mhlw.go.jp/toukei/youran/indexyk_1_1.html,
Aomori,Population,Male,600,10/1/2017,https://www.mhlw.go.jp/toukei/youran/indexyk_1_1.html,
Iwate,Population,Male,604,10/1/2017,https://www.mhlw.go.jp/toukei/youran/indexyk_1_1.html,
Miyagi,Population,Male,1136,10/1/2017,https://www.mhlw.go.jp/toukei/youran/indexyk_1_1.html,
Akita,Population,Male,468,10/1/2017,https://www.mhlw.go.jp/toukei/youran/indexyk_1_1.html,
Yamagata,Population,Male,531,10/1/2017,https://www.mhlw.go.jp/toukei/youran/indexyk_1_1.html,
Fukushima,Population,Male,932,10/1/2017,https://www.mhlw.go.jp/toukei/youran/indexyk_1_1.html,
Ibaraki,Population,Male,1442,10/1/2017,https://www.mhlw.go.jp/toukei/youran/indexyk_1_1.html,
Tochigi,Population,Male,974,10/1/2017,https://www.mhlw.go.jp/toukei/youran/indexyk_1_1.html,
Gunma,Population,Male,968,10/1/2017,https://www.mhlw.go.jp/toukei/youran/indexyk_1_1.html,
Saitama,Population,Male,3648,10/1/2017,https://www.mhlw.go.jp/toukei/youran/indexyk_1_1.html,
Chiba,Population,Male,3103,10/1/2017,https://www.mhlw.go.jp/toukei/youran/indexyk_1_1.html,
Tokyo,Population,Male,6760,10/1/2017,https://www.mhlw.go.jp/toukei/youran/indexyk_1_1.html,
Kanagawa,Population,Male,4569,10/1/2017,https://www.mhlw.go.jp/toukei/youran/indexyk_1_1.html,
Niigata,Population,Male,1098,10/1/2017,https://www.mhlw.go.jp/toukei/youran/indexyk_1_1.html,
Toyama,Population,Male,511,10/1/2017,https://www.mhlw.go.jp/toukei/youran/indexyk_1_1.html,
Ishikawa,Population,Male,556,10/1/2017,https://www.mhlw.go.jp/toukei/youran/indexyk_1_1.html,
Fukui,Population,Male,378,10/1/2017,https://www.mhlw.go.jp/toukei/youran/indexyk_1_1.html,
Yamanashi,Population,Male,403,10/1/2017,https://www.mhlw.go.jp/toukei/youran/indexyk_1_1.html,
Nagano,Population,Male,1012,10/1/2017,https://www.mhlw.go.jp/toukei/youran/indexyk_1_1.html,
Gifu,Population,Male,973,10/1/2017,https://www.mhlw.go.jp/toukei/youran/indexyk_1_1.html,
Shizuoka,Population,Male,1810,10/1/2017,https://www.mhlw.go.jp/toukei/youran/indexyk_1_1.html,
Aichi,Population,Male,3764,10/1/2017,https://www.mhlw.go.jp/toukei/youran/indexyk_1_1.html,
Mie,Population,Male,877,10/1/2017,https://www.mhlw.go.jp/toukei/youran/indexyk_1_1.html,
Shiga,Population,Male,697,10/1/2017,https://www.mhlw.go.jp/toukei/youran/indexyk_1_1.html,
Kyoto,Population,Male,1242,10/1/2017,https://www.mhlw.go.jp/toukei/youran/indexyk_1_1.html,
Osaka,Population,Male,4241,10/1/2017,https://www.mhlw.go.jp/toukei/youran/indexyk_1_1.html,
Hyogo,Population,Male,2624,10/1/2017,https://www.mhlw.go.jp/toukei/youran/indexyk_1_1.html,
Nara,Population,Male,635,10/1/2017,https://www.mhlw.go.jp/toukei/youran/indexyk_1_1.html,
Wakayama,Population,Male,444,10/1/2017,https://www.mhlw.go.jp/toukei/youran/indexyk_1_1.html,
Tottori,Population,Male,270,10/1/2017,https://www.mhlw.go.jp/toukei/youran/indexyk_1_1.html,
Shimane,Population,Male,330,10/1/2017,https://www.mhlw.go.jp/toukei/youran/indexyk_1_1.html,
Okayama,Population,Male,916,10/1/2017,https://www.mhlw.go.jp/toukei/youran/indexyk_1_1.html,
Hiroshima,Population,Male,1372,10/1/2017,https://www.mhlw.go.jp/toukei/youran/indexyk_1_1.html,
Yamaguchi,Population,Male,655,10/1/2017,https://www.mhlw.go.jp/toukei/youran/indexyk_1_1.html,
Tokushima,Population,Male,354,10/1/2017,https://www.mhlw.go.jp/toukei/youran/indexyk_1_1.html,
Kagawa,Population,Male,469,10/1/2017,https://www.mhlw.go.jp/toukei/youran/indexyk_1_1.html,
Ehime,Population,Male,645,10/1/2017,https://www.mhlw.go.jp/toukei/youran/indexyk_1_1.html,
Kochi,Population,Male,336,10/1/2017,https://www.mhlw.go.jp/toukei/youran/indexyk_1_1.html,
Fukuoka,Population,Male,2415,10/1/2017,https://www.mhlw.go.jp/toukei/youran/indexyk_1_1.html,
Saga,Population,Male,389,10/1/2017,https://www.mhlw.go.jp/toukei/youran/indexyk_1_1.html,
Nagasaki,Population,Male,636,10/1/2017,https://www.mhlw.go.jp/toukei/youran/indexyk_1_1.html,
Kumamoto,Population,Male,833,10/1/2017,https://www.mhlw.go.jp/toukei/youran/indexyk_1_1.html,
Oita,Population,Male,546,10/1/2017,https://www.mhlw.go.jp/toukei/youran/indexyk_1_1.html,
Miyazaki,Population,Male,512,10/1/2017,https://www.mhlw.go.jp/toukei/youran/indexyk_1_1.html,
Kagoshima,Population,Male,763,10/1/2017,https://www.mhlw.go.jp/toukei/youran/indexyk_1_1.html,
Okinawa,Population,Male,709,10/1/2017,https://www.mhlw.go.jp/toukei/youran/indexyk_1_1.html,
Hokkaido,Population,Female,2814,10/1/2017,https://www.mhlw.go.jp/toukei/youran/indexyk_1_1.html,
Aomori,Population,Female,678,10/1/2017,https://www.mhlw.go.jp/toukei/youran/indexyk_1_1.html,
Iwate,Population,Female,651,10/1/2017,https://www.mhlw.go.jp/toukei/youran/indexyk_1_1.html,
Miyagi,Population,Female,1188,10/1/2017,https://www.mhlw.go.jp/toukei/youran/indexyk_1_1.html,
Akita,Population,Female,528,10/1/2017,https://www.mhlw.go.jp/toukei/youran/indexyk_1_1.html,
Yamagata,Population,Female,571,10/1/2017,https://www.mhlw.go.jp/toukei/youran/indexyk_1_1.html,
Fukushima,Population,Female,951,10/1/2017,https://www.mhlw.go.jp/toukei/youran/indexyk_1_1.html,
Ibaraki,Population,Female,1450,10/1/2017,https://www.mhlw.go.jp/toukei/youran/indexyk_1_1.html,
Tochigi,Population,Female,983,10/1/2017,https://www.mhlw.go.jp/toukei/youran/indexyk_1_1.html,
Gunma,Population,Female,992,10/1/2017,https://www.mhlw.go.jp/toukei/youran/indexyk_1_1.html,
Saitama,Population,Female,3662,10/1/2017,https://www.mhlw.go.jp/toukei/youran/indexyk_1_1.html,
Chiba,Population,Female,3143,10/1/2017,https://www.mhlw.go.jp/toukei/youran/indexyk_1_1.html,
Tokyo,Population,Female,6964,10/1/2017,https://www.mhlw.go.jp/toukei/youran/indexyk_1_1.html,
Kanagawa,Population,Female,4590,10/1/2017,https://www.mhlw.go.jp/toukei/youran/indexyk_1_1.html,
Niigata,Population,Female,1169,10/1/2017,https://www.mhlw.go.jp/toukei/youran/indexyk_1_1.html,
Toyama,Population,Female,544,10/1/2017,https://www.mhlw.go.jp/toukei/youran/indexyk_1_1.html,
Ishikawa,Population,Female,591,10/1/2017,https://www.mhlw.go.jp/toukei/youran/indexyk_1_1.html,
Fukui,Population,Female,401,10/1/2017,https://www.mhlw.go.jp/toukei/youran/indexyk_1_1.html,
Yamanashi,Population,Female,421,10/1/2017,https://www.mhlw.go.jp/toukei/youran/indexyk_1_1.html,
Nagano,Population,Female,1064,10/1/2017,https://www.mhlw.go.jp/toukei/youran/indexyk_1_1.html,
Gifu,Population,Female,1035,10/1/2017,https://www.mhlw.go.jp/toukei/youran/indexyk_1_1.html,
Shizuoka,Population,Female,1866,10/1/2017,https://www.mhlw.go.jp/toukei/youran/indexyk_1_1.html,
Aichi,Population,Female,3761,10/1/2017,https://www.mhlw.go.jp/toukei/youran/indexyk_1_1.html,
Mie,Population,Female,923,10/1/2017,https://www.mhlw.go.jp/toukei/youran/indexyk_1_1.html,
Shiga,Population,Female,716,10/1/2017,https://www.mhlw.go.jp/toukei/youran/indexyk_1_1.html,
Kyoto,Population,Female,1357,10/1/2017,https://www.mhlw.go.jp/toukei/youran/indexyk_1_1.html,
Osaka,Population,Female,4583,10/1/2017,https://www.mhlw.go.jp/toukei/youran/indexyk_1_1.html,
Hyogo,Population,Female,2879,10/1/2017,https://www.mhlw.go.jp/toukei/youran/indexyk_1_1.html,
Nara,Population,Female,712,10/1/2017,https://www.mhlw.go.jp/toukei/youran/indexyk_1_1.html,
Wakayama,Population,Female,501,10/1/2017,https://www.mhlw.go.jp/toukei/youran/indexyk_1_1.html,
Tottori,Population,Female,295,10/1/2017,https://www.mhlw.go.jp/toukei/youran/indexyk_1_1.html,
Shimane,Population,Female,355,10/1/2017,https://www.mhlw.go.jp/toukei/youran/indexyk_1_1.html,
Okayama,Population,Female,991,10/1/2017,https://www.mhlw.go.jp/toukei/youran/indexyk_1_1.html,
Hiroshima,Population,Female,1457,10/1/2017,https://www.mhlw.go.jp/toukei/youran/indexyk_1_1.html,
Yamaguchi,Population,Female,727,10/1/2017,https://www.mhlw.go.jp/toukei/youran/indexyk_1_1.html,
Tokushima,Population,Female,389,10/1/2017,https://www.mhlw.go.jp/toukei/youran/indexyk_1_1.html,
Kagawa,Population,Female,499,10/1/2017,https://www.mhlw.go.jp/toukei/youran/indexyk_1_1.html,
Ehime,Population,Female,719,10/1/2017,https://www.mhlw.go.jp/toukei/youran/indexyk_1_1.html,
Kochi,Population,Female,377,10/1/2017,https://www.mhlw.go.jp/toukei/youran/indexyk_1_1.html,
Fukuoka,Population,Female,2692,10/1/2017,https://www.mhlw.go.jp/toukei/youran/indexyk_1_1.html,
Saga,Population,Female,434,10/1/2017,https://www.mhlw.go.jp/toukei/youran/indexyk_1_1.html,
Nagasaki,Population,Female,718,10/1/2017,https://www.mhlw.go.jp/toukei/youran/indexyk_1_1.html,
Kumamoto,Population,Female,933,10/1/2017,https://www.mhlw.go.jp/toukei/youran/indexyk_1_1.html,
Oita,Population,Female,607,10/1/2017,https://www.mhlw.go.jp/toukei/youran/indexyk_1_1.html,
Miyazaki,Population,Female,577,10/1/2017,https://www.mhlw.go.jp/toukei/youran/indexyk_1_1.html,
Kagoshima,Population,Female,863,10/1/2017,https://www.mhlw.go.jp/toukei/youran/indexyk_1_1.html,
Okinawa,Population,Female,734,10/1/2017,https://www.mhlw.go.jp/toukei/youran/indexyk_1_1.html,
Hokkaido,Area,Total,83424,10/1/2015,,https://ja.wikipedia.org/wiki/%E9%83%BD%E9%81%93%E5%BA%9C%E7%9C%8C%E3%81%AE%E9%9D%A2%E7%A9%8D%E4%B8%80%E8%A6%A7#cite_note-2
Aomori,Area,Total,9646,10/1/2015,,https://ja.wikipedia.org/wiki/%E9%83%BD%E9%81%93%E5%BA%9C%E7%9C%8C%E3%81%AE%E9%9D%A2%E7%A9%8D%E4%B8%80%E8%A6%A7#cite_note-2
Iwate,Area,Total,15275,10/1/2015,,https://ja.wikipedia.org/wiki/%E9%83%BD%E9%81%93%E5%BA%9C%E7%9C%8C%E3%81%AE%E9%9D%A2%E7%A9%8D%E4%B8%80%E8%A6%A7#cite_note-2
Miyagi,Area,Total,7282,10/1/2015,,https://ja.wikipedia.org/wiki/%E9%83%BD%E9%81%93%E5%BA%9C%E7%9C%8C%E3%81%AE%E9%9D%A2%E7%A9%8D%E4%B8%80%E8%A6%A7#cite_note-2
Akita,Area,Total,11638,10/1/2015,,https://ja.wikipedia.org/wiki/%E9%83%BD%E9%81%93%E5%BA%9C%E7%9C%8C%E3%81%AE%E9%9D%A2%E7%A9%8D%E4%B8%80%E8%A6%A7#cite_note-2
Yamagata,Area,Total,9323,10/1/2015,,https://ja.wikipedia.org/wiki/%E9%83%BD%E9%81%93%E5%BA%9C%E7%9C%8C%E3%81%AE%E9%9D%A2%E7%A9%8D%E4%B8%80%E8%A6%A7#cite_note-2
Fukushima,Area,Total,13784,10/1/2015,,https://ja.wikipedia.org/wiki/%E9%83%BD%E9%81%93%E5%BA%9C%E7%9C%8C%E3%81%AE%E9%9D%A2%E7%A9%8D%E4%B8%80%E8%A6%A7#cite_note-2
Ibaraki,Area,Total,6097,10/1/2015,,https://ja.wikipedia.org/wiki/%E9%83%BD%E9%81%93%E5%BA%9C%E7%9C%8C%E3%81%AE%E9%9D%A2%E7%A9%8D%E4%B8%80%E8%A6%A7#cite_note-2
Tochigi,Area,Total,6408,10/1/2015,,https://ja.wikipedia.org/wiki/%E9%83%BD%E9%81%93%E5%BA%9C%E7%9C%8C%E3%81%AE%E9%9D%A2%E7%A9%8D%E4%B8%80%E8%A6%A7#cite_note-2
Gunma,Area,Total,6362,10/1/2015,,https://ja.wikipedia.org/wiki/%E9%83%BD%E9%81%93%E5%BA%9C%E7%9C%8C%E3%81%AE%E9%9D%A2%E7%A9%8D%E4%B8%80%E8%A6%A7#cite_note-2
Saitama,Area,Total,3798,10/1/2015,,https://ja.wikipedia.org/wiki/%E9%83%BD%E9%81%93%E5%BA%9C%E7%9C%8C%E3%81%AE%E9%9D%A2%E7%A9%8D%E4%B8%80%E8%A6%A7#cite_note-2
Chiba,Area,Total,5158,10/1/2015,,https://ja.wikipedia.org/wiki/%E9%83%BD%E9%81%93%E5%BA%9C%E7%9C%8C%E3%81%AE%E9%9D%A2%E7%A9%8D%E4%B8%80%E8%A6%A7#cite_note-2
Tokyo,Area,Total,2191,10/1/2015,,https://ja.wikipedia.org/wiki/%E9%83%BD%E9%81%93%E5%BA%9C%E7%9C%8C%E3%81%AE%E9%9D%A2%E7%A9%8D%E4%B8%80%E8%A6%A7#cite_note-2
Kanagawa,Area,Total,2416,10/1/2015,,https://ja.wikipedia.org/wiki/%E9%83%BD%E9%81%93%E5%BA%9C%E7%9C%8C%E3%81%AE%E9%9D%A2%E7%A9%8D%E4%B8%80%E8%A6%A7#cite_note-2
Niigata,Area,Total,12584,10/1/2015,,https://ja.wikipedia.org/wiki/%E9%83%BD%E9%81%93%E5%BA%9C%E7%9C%8C%E3%81%AE%E9%9D%A2%E7%A9%8D%E4%B8%80%E8%A6%A7#cite_note-2
Toyama,Area,Total,4248,10/1/2015,,https://ja.wikipedia.org/wiki/%E9%83%BD%E9%81%93%E5%BA%9C%E7%9C%8C%E3%81%AE%E9%9D%A2%E7%A9%8D%E4%B8%80%E8%A6%A7#cite_note-2
Ishikawa,Area,Total,4186,10/1/2015,,https://ja.wikipedia.org/wiki/%E9%83%BD%E9%81%93%E5%BA%9C%E7%9C%8C%E3%81%AE%E9%9D%A2%E7%A9%8D%E4%B8%80%E8%A6%A7#cite_note-2
Fukui,Area,Total,4190,10/1/2015,,https://ja.wikipedia.org/wiki/%E9%83%BD%E9%81%93%E5%BA%9C%E7%9C%8C%E3%81%AE%E9%9D%A2%E7%A9%8D%E4%B8%80%E8%A6%A7#cite_note-2
Yamanashi,Area,Total,4465,10/1/2015,,https://ja.wikipedia.org/wiki/%E9%83%BD%E9%81%93%E5%BA%9C%E7%9C%8C%E3%81%AE%E9%9D%A2%E7%A9%8D%E4%B8%80%E8%A6%A7#cite_note-2
Nagano,Area,Total,13562,10/1/2015,,https://ja.wikipedia.org/wiki/%E9%83%BD%E9%81%93%E5%BA%9C%E7%9C%8C%E3%81%AE%E9%9D%A2%E7%A9%8D%E4%B8%80%E8%A6%A7#cite_note-2
Gifu,Area,Total,10621,10/1/2015,,https://ja.wikipedia.org/wiki/%E9%83%BD%E9%81%93%E5%BA%9C%E7%9C%8C%E3%81%AE%E9%9D%A2%E7%A9%8D%E4%B8%80%E8%A6%A7#cite_note-2
Shizuoka,Area,Total,7777,10/1/2015,,https://ja.wikipedia.org/wiki/%E9%83%BD%E9%81%93%E5%BA%9C%E7%9C%8C%E3%81%AE%E9%9D%A2%E7%A9%8D%E4%B8%80%E8%A6%A7#cite_note-2
Aichi,Area,Total,5172,10/1/2015,,https://ja.wikipedia.org/wiki/%E9%83%BD%E9%81%93%E5%BA%9C%E7%9C%8C%E3%81%AE%E9%9D%A2%E7%A9%8D%E4%B8%80%E8%A6%A7#cite_note-2
Mie,Area,Total,5774,10/1/2015,,https://ja.wikipedia.org/wiki/%E9%83%BD%E9%81%93%E5%BA%9C%E7%9C%8C%E3%81%AE%E9%9D%A2%E7%A9%8D%E4%B8%80%E8%A6%A7#cite_note-2
Shiga,Area,Total,4017,10/1/2015,,https://ja.wikipedia.org/wiki/%E9%83%BD%E9%81%93%E5%BA%9C%E7%9C%8C%E3%81%AE%E9%9D%A2%E7%A9%8D%E4%B8%80%E8%A6%A7#cite_note-2
Kyoto,Area,Total,4612,10/1/2015,,https://ja.wikipedia.org/wiki/%E9%83%BD%E9%81%93%E5%BA%9C%E7%9C%8C%E3%81%AE%E9%9D%A2%E7%A9%8D%E4%B8%80%E8%A6%A7#cite_note-2
Osaka,Area,Total,1905,10/1/2015,,https://ja.wikipedia.org/wiki/%E9%83%BD%E9%81%93%E5%BA%9C%E7%9C%8C%E3%81%AE%E9%9D%A2%E7%A9%8D%E4%B8%80%E8%A6%A7#cite_note-2
Hyogo,Area,Total,8401,10/1/2015,,https://ja.wikipedia.org/wiki/%E9%83%BD%E9%81%93%E5%BA%9C%E7%9C%8C%E3%81%AE%E9%9D%A2%E7%A9%8D%E4%B8%80%E8%A6%A7#cite_note-2
Nara,Area,Total,3691,10/1/2015,,https://ja.wikipedia.org/wiki/%E9%83%BD%E9%81%93%E5%BA%9C%E7%9C%8C%E3%81%AE%E9%9D%A2%E7%A9%8D%E4%B8%80%E8%A6%A7#cite_note-2
Wakayama,Area,Total,4725,10/1/2015,,https://ja.wikipedia.org/wiki/%E9%83%BD%E9%81%93%E5%BA%9C%E7%9C%8C%E3%81%AE%E9%9D%A2%E7%A9%8D%E4%B8%80%E8%A6%A7#cite_note-2
Tottori,Area,Total,3507,10/1/2015,,https://ja.wikipedia.org/wiki/%E9%83%BD%E9%81%93%E5%BA%9C%E7%9C%8C%E3%81%AE%E9%9D%A2%E7%A9%8D%E4%B8%80%E8%A6%A7#cite_note-2
Shimane,Area,Total,6708,10/1/2015,,https://ja.wikipedia.org/wiki/%E9%83%BD%E9%81%93%E5%BA%9C%E7%9C%8C%E3%81%AE%E9%9D%A2%E7%A9%8D%E4%B8%80%E8%A6%A7#cite_note-2
Okayama,Area,Total,7115,10/1/2015,,https://ja.wikipedia.org/wiki/%E9%83%BD%E9%81%93%E5%BA%9C%E7%9C%8C%E3%81%AE%E9%9D%A2%E7%A9%8D%E4%B8%80%E8%A6%A7#cite_note-2
Hiroshima,Area,Total,8479,10/1/2015,,https://ja.wikipedia.org/wiki/%E9%83%BD%E9%81%93%E5%BA%9C%E7%9C%8C%E3%81%AE%E9%9D%A2%E7%A9%8D%E4%B8%80%E8%A6%A7#cite_note-2
Yamaguchi,Area,Total,6112,10/1/2015,,https://ja.wikipedia.org/wiki/%E9%83%BD%E9%81%93%E5%BA%9C%E7%9C%8C%E3%81%AE%E9%9D%A2%E7%A9%8D%E4%B8%80%E8%A6%A7#cite_note-2
Tokushima,Area,Total,4147,10/1/2015,,https://ja.wikipedia.org/wiki/%E9%83%BD%E9%81%93%E5%BA%9C%E7%9C%8C%E3%81%AE%E9%9D%A2%E7%A9%8D%E4%B8%80%E8%A6%A7#cite_note-2
Kagawa,Area,Total,1877,10/1/2015,,https://ja.wikipedia.org/wiki/%E9%83%BD%E9%81%93%E5%BA%9C%E7%9C%8C%E3%81%AE%E9%9D%A2%E7%A9%8D%E4%B8%80%E8%A6%A7#cite_note-2
Ehime,Area,Total,5676,10/1/2015,,https://ja.wikipedia.org/wiki/%E9%83%BD%E9%81%93%E5%BA%9C%E7%9C%8C%E3%81%AE%E9%9D%A2%E7%A9%8D%E4%B8%80%E8%A6%A7#cite_note-2
Kochi,Area,Total,7104,10/1/2015,,https://ja.wikipedia.org/wiki/%E9%83%BD%E9%81%93%E5%BA%9C%E7%9C%8C%E3%81%AE%E9%9D%A2%E7%A9%8D%E4%B8%80%E8%A6%A7#cite_note-2
Fukuoka,Area,Total,4986,10/1/2015,,https://ja.wikipedia.org/wiki/%E9%83%BD%E9%81%93%E5%BA%9C%E7%9C%8C%E3%81%AE%E9%9D%A2%E7%A9%8D%E4%B8%80%E8%A6%A7#cite_note-2
Saga,Area,Total,2441,10/1/2015,,https://ja.wikipedia.org/wiki/%E9%83%BD%E9%81%93%E5%BA%9C%E7%9C%8C%E3%81%AE%E9%9D%A2%E7%A9%8D%E4%B8%80%E8%A6%A7#cite_note-2
Nagasaki,Area,Total,4132,10/1/2015,,https://ja.wikipedia.org/wiki/%E9%83%BD%E9%81%93%E5%BA%9C%E7%9C%8C%E3%81%AE%E9%9D%A2%E7%A9%8D%E4%B8%80%E8%A6%A7#cite_note-2
Kumamoto,Area,Total,7409,10/1/2015,,https://ja.wikipedia.org/wiki/%E9%83%BD%E9%81%93%E5%BA%9C%E7%9C%8C%E3%81%AE%E9%9D%A2%E7%A9%8D%E4%B8%80%E8%A6%A7#cite_note-2
Oita,Area,Total,6341,10/1/2015,,https://ja.wikipedia.org/wiki/%E9%83%BD%E9%81%93%E5%BA%9C%E7%9C%8C%E3%81%AE%E9%9D%A2%E7%A9%8D%E4%B8%80%E8%A6%A7#cite_note-2
Miyazaki,Area,Total,7735,10/1/2015,,https://ja.wikipedia.org/wiki/%E9%83%BD%E9%81%93%E5%BA%9C%E7%9C%8C%E3%81%AE%E9%9D%A2%E7%A9%8D%E4%B8%80%E8%A6%A7#cite_note-2
Kagoshima,Area,Total,9187,10/1/2015,,https://ja.wikipedia.org/wiki/%E9%83%BD%E9%81%93%E5%BA%9C%E7%9C%8C%E3%81%AE%E9%9D%A2%E7%A9%8D%E4%B8%80%E8%A6%A7#cite_note-2
Okinawa,Area,Total,2281,10/1/2015,,https://ja.wikipedia.org/wiki/%E9%83%BD%E9%81%93%E5%BA%9C%E7%9C%8C%E3%81%AE%E9%9D%A2%E7%A9%8D%E4%B8%80%E8%A6%A7#cite_note-2
Hokkaido,Area,Habitable,22373,10/1/2015,,https://ja.wikipedia.org/wiki/%E9%83%BD%E9%81%93%E5%BA%9C%E7%9C%8C%E3%81%AE%E9%9D%A2%E7%A9%8D%E4%B8%80%E8%A6%A7#cite_note-2
Aomori,Area,Habitable,3230,10/1/2015,,https://ja.wikipedia.org/wiki/%E9%83%BD%E9%81%93%E5%BA%9C%E7%9C%8C%E3%81%AE%E9%9D%A2%E7%A9%8D%E4%B8%80%E8%A6%A7#cite_note-2
Iwate,Area,Habitable,3714,10/1/2015,,https://ja.wikipedia.org/wiki/%E9%83%BD%E9%81%93%E5%BA%9C%E7%9C%8C%E3%81%AE%E9%9D%A2%E7%A9%8D%E4%B8%80%E8%A6%A7#cite_note-2
Miyagi,Area,Habitable,3155,10/1/2015,,https://ja.wikipedia.org/wiki/%E9%83%BD%E9%81%93%E5%BA%9C%E7%9C%8C%E3%81%AE%E9%9D%A2%E7%A9%8D%E4%B8%80%E8%A6%A7#cite_note-2
Akita,Area,Habitable,3204,10/1/2015,,https://ja.wikipedia.org/wiki/%E9%83%BD%E9%81%93%E5%BA%9C%E7%9C%8C%E3%81%AE%E9%9D%A2%E7%A9%8D%E4%B8%80%E8%A6%A7#cite_note-2
Yamagata,Area,Habitable,2885,10/1/2015,,https://ja.wikipedia.org/wiki/%E9%83%BD%E9%81%93%E5%BA%9C%E7%9C%8C%E3%81%AE%E9%9D%A2%E7%A9%8D%E4%B8%80%E8%A6%A7#cite_note-2
Fukushima,Area,Habitable,4217,10/1/2015,,https://ja.wikipedia.org/wiki/%E9%83%BD%E9%81%93%E5%BA%9C%E7%9C%8C%E3%81%AE%E9%9D%A2%E7%A9%8D%E4%B8%80%E8%A6%A7#cite_note-2
Ibaraki,Area,Habitable,3975,10/1/2015,,https://ja.wikipedia.org/wiki/%E9%83%BD%E9%81%93%E5%BA%9C%E7%9C%8C%E3%81%AE%E9%9D%A2%E7%A9%8D%E4%B8%80%E8%A6%A7#cite_note-2
Tochigi,Area,Habitable,2983,10/1/2015,,https://ja.wikipedia.org/wiki/%E9%83%BD%E9%81%93%E5%BA%9C%E7%9C%8C%E3%81%AE%E9%9D%A2%E7%A9%8D%E4%B8%80%E8%A6%A7#cite_note-2
Gunma,Area,Habitable,2279,10/1/2015,,https://ja.wikipedia.org/wiki/%E9%83%BD%E9%81%93%E5%BA%9C%E7%9C%8C%E3%81%AE%E9%9D%A2%E7%A9%8D%E4%B8%80%E8%A6%A7#cite_note-2
Saitama,Area,Habitable,2585,10/1/2015,,https://ja.wikipedia.org/wiki/%E9%83%BD%E9%81%93%E5%BA%9C%E7%9C%8C%E3%81%AE%E9%9D%A2%E7%A9%8D%E4%B8%80%E8%A6%A7#cite_note-2
Chiba,Area,Habitable,3554,10/1/2015,,https://ja.wikipedia.org/wiki/%E9%83%BD%E9%81%93%E5%BA%9C%E7%9C%8C%E3%81%AE%E9%9D%A2%E7%A9%8D%E4%B8%80%E8%A6%A7#cite_note-2
Tokyo,Area,Habitable,1418,10/1/2015,,https://ja.wikipedia.org/wiki/%E9%83%BD%E9%81%93%E5%BA%9C%E7%9C%8C%E3%81%AE%E9%9D%A2%E7%A9%8D%E4%B8%80%E8%A6%A7#cite_note-2
Kanagawa,Area,Habitable,1471,10/1/2015,,https://ja.wikipedia.org/wiki/%E9%83%BD%E9%81%93%E5%BA%9C%E7%9C%8C%E3%81%AE%E9%9D%A2%E7%A9%8D%E4%B8%80%E8%A6%A7#cite_note-2
Niigata,Area,Habitable,4535,10/1/2015,,https://ja.wikipedia.org/wiki/%E9%83%BD%E9%81%93%E5%BA%9C%E7%9C%8C%E3%81%AE%E9%9D%A2%E7%A9%8D%E4%B8%80%E8%A6%A7#cite_note-2
Toyama,Area,Habitable,1843,10/1/2015,,https://ja.wikipedia.org/wiki/%E9%83%BD%E9%81%93%E5%BA%9C%E7%9C%8C%E3%81%AE%E9%9D%A2%E7%A9%8D%E4%B8%80%E8%A6%A7#cite_note-2
Ishikawa,Area,Habitable,1392,10/1/2015,,https://ja.wikipedia.org/wiki/%E9%83%BD%E9%81%93%E5%BA%9C%E7%9C%8C%E3%81%AE%E9%9D%A2%E7%A9%8D%E4%B8%80%E8%A6%A7#cite_note-2
Fukui,Area,Habitable,1077,10/1/2015,,https://ja.wikipedia.org/wiki/%E9%83%BD%E9%81%93%E5%BA%9C%E7%9C%8C%E3%81%AE%E9%9D%A2%E7%A9%8D%E4%B8%80%E8%A6%A7#cite_note-2
Yamanashi,Area,Habitable,954,10/1/2015,,https://ja.wikipedia.org/wiki/%E9%83%BD%E9%81%93%E5%BA%9C%E7%9C%8C%E3%81%AE%E9%9D%A2%E7%A9%8D%E4%B8%80%E8%A6%A7#cite_note-2
Nagano,Area,Habitable,3226,10/1/2015,,https://ja.wikipedia.org/wiki/%E9%83%BD%E9%81%93%E5%BA%9C%E7%9C%8C%E3%81%AE%E9%9D%A2%E7%A9%8D%E4%B8%80%E8%A6%A7#cite_note-2
Gifu,Area,Habitable,2211,10/1/2015,,https://ja.wikipedia.org/wiki/%E9%83%BD%E9%81%93%E5%BA%9C%E7%9C%8C%E3%81%AE%E9%9D%A2%E7%A9%8D%E4%B8%80%E8%A6%A7#cite_note-2
Shizuoka,Area,Habitable,2749,10/1/2015,,https://ja.wikipedia.org/wiki/%E9%83%BD%E9%81%93%E5%BA%9C%E7%9C%8C%E3%81%AE%E9%9D%A2%E7%A9%8D%E4%B8%80%E8%A6%A7#cite_note-2
Aichi,Area,Habitable,2988,10/1/2015,,https://ja.wikipedia.org/wiki/%E9%83%BD%E9%81%93%E5%BA%9C%E7%9C%8C%E3%81%AE%E9%9D%A2%E7%A9%8D%E4%B8%80%E8%A6%A7#cite_note-2
Mie,Area,Habitable,2059,10/1/2015,,https://ja.wikipedia.org/wiki/%E9%83%BD%E9%81%93%E5%BA%9C%E7%9C%8C%E3%81%AE%E9%9D%A2%E7%A9%8D%E4%B8%80%E8%A6%A7#cite_note-2
Shiga,Area,Habitable,1307,10/1/2015,,https://ja.wikipedia.org/wiki/%E9%83%BD%E9%81%93%E5%BA%9C%E7%9C%8C%E3%81%AE%E9%9D%A2%E7%A9%8D%E4%B8%80%E8%A6%A7#cite_note-2
Kyoto,Area,Habitable,1174,10/1/2015,,https://ja.wikipedia.org/wiki/%E9%83%BD%E9%81%93%E5%BA%9C%E7%9C%8C%E3%81%AE%E9%9D%A2%E7%A9%8D%E4%B8%80%E8%A6%A7#cite_note-2
Osaka,Area,Habitable,1331,10/1/2015,,https://ja.wikipedia.org/wiki/%E9%83%BD%E9%81%93%E5%BA%9C%E7%9C%8C%E3%81%AE%E9%9D%A2%E7%A9%8D%E4%B8%80%E8%A6%A7#cite_note-2
Hyogo,Area,Habitable,2783,10/1/2015,,https://ja.wikipedia.org/wiki/%E9%83%BD%E9%81%93%E5%BA%9C%E7%9C%8C%E3%81%AE%E9%9D%A2%E7%A9%8D%E4%B8%80%E8%A6%A7#cite_note-2
Nara,Area,Habitable,856,10/1/2015,,https://ja.wikipedia.org/wiki/%E9%83%BD%E9%81%93%E5%BA%9C%E7%9C%8C%E3%81%AE%E9%9D%A2%E7%A9%8D%E4%B8%80%E8%A6%A7#cite_note-2
Wakayama,Area,Habitable,1115,10/1/2015,,https://ja.wikipedia.org/wiki/%E9%83%BD%E9%81%93%E5%BA%9C%E7%9C%8C%E3%81%AE%E9%9D%A2%E7%A9%8D%E4%B8%80%E8%A6%A7#cite_note-2
Tottori,Area,Habitable,901,10/1/2015,,https://ja.wikipedia.org/wiki/%E9%83%BD%E9%81%93%E5%BA%9C%E7%9C%8C%E3%81%AE%E9%9D%A2%E7%A9%8D%E4%B8%80%E8%A6%A7#cite_note-2
Shimane,Area,Habitable,1299,10/1/2015,,https://ja.wikipedia.org/wiki/%E9%83%BD%E9%81%93%E5%BA%9C%E7%9C%8C%E3%81%AE%E9%9D%A2%E7%A9%8D%E4%B8%80%E8%A6%A7#cite_note-2
Okayama,Area,Habitable,2219,10/1/2015,,https://ja.wikipedia.org/wiki/%E9%83%BD%E9%81%93%E5%BA%9C%E7%9C%8C%E3%81%AE%E9%9D%A2%E7%A9%8D%E4%B8%80%E8%A6%A7#cite_note-2
Hiroshima,Area,Habitable,2311,10/1/2015,,https://ja.wikipedia.org/wiki/%E9%83%BD%E9%81%93%E5%BA%9C%E7%9C%8C%E3%81%AE%E9%9D%A2%E7%A9%8D%E4%B8%80%E8%A6%A7#cite_note-2
Yamaguchi,Area,Habitable,1707,10/1/2015,,https://ja.wikipedia.org/wiki/%E9%83%BD%E9%81%93%E5%BA%9C%E7%9C%8C%E3%81%AE%E9%9D%A2%E7%A9%8D%E4%B8%80%E8%A6%A7#cite_note-2
Tokushima,Area,Habitable,1010,10/1/2015,,https://ja.wikipedia.org/wiki/%E9%83%BD%E9%81%93%E5%BA%9C%E7%9C%8C%E3%81%AE%E9%9D%A2%E7%A9%8D%E4%B8%80%E8%A6%A7#cite_note-2
Kagawa,Area,Habitable,1006,10/1/2015,,https://ja.wikipedia.org/wiki/%E9%83%BD%E9%81%93%E5%BA%9C%E7%9C%8C%E3%81%AE%E9%9D%A2%E7%A9%8D%E4%B8%80%E8%A6%A7#cite_note-2
Ehime,Area,Habitable,1673,10/1/2015,,https://ja.wikipedia.org/wiki/%E9%83%BD%E9%81%93%E5%BA%9C%E7%9C%8C%E3%81%AE%E9%9D%A2%E7%A9%8D%E4%B8%80%E8%A6%A7#cite_note-2
Kochi,Area,Habitable,1163,10/1/2015,,https://ja.wikipedia.org/wiki/%E9%83%BD%E9%81%93%E5%BA%9C%E7%9C%8C%E3%81%AE%E9%9D%A2%E7%A9%8D%E4%B8%80%E8%A6%A7#cite_note-2
Fukuoka,Area,Habitable,2761,10/1/2015,,https://ja.wikipedia.org/wiki/%E9%83%BD%E9%81%93%E5%BA%9C%E7%9C%8C%E3%81%AE%E9%9D%A2%E7%A9%8D%E4%B8%80%E8%A6%A7#cite_note-2
Saga,Area,Habitable,1336,10/1/2015,,https://ja.wikipedia.org/wiki/%E9%83%BD%E9%81%93%E5%BA%9C%E7%9C%8C%E3%81%AE%E9%9D%A2%E7%A9%8D%E4%B8%80%E8%A6%A7#cite_note-2
Nagasaki,Area,Habitable,1676,10/1/2015,,https://ja.wikipedia.org/wiki/%E9%83%BD%E9%81%93%E5%BA%9C%E7%9C%8C%E3%81%AE%E9%9D%A2%E7%A9%8D%E4%B8%80%E8%A6%A7#cite_note-2
Kumamoto,Area,Habitable,2796,10/1/2015,,https://ja.wikipedia.org/wiki/%E9%83%BD%E9%81%93%E5%BA%9C%E7%9C%8C%E3%81%AE%E9%9D%A2%E7%A9%8D%E4%B8%80%E8%A6%A7#cite_note-2
Oita,Area,Habitable,1799,10/1/2015,,https://ja.wikipedia.org/wiki/%E9%83%BD%E9%81%93%E5%BA%9C%E7%9C%8C%E3%81%AE%E9%9D%A2%E7%A9%8D%E4%B8%80%E8%A6%A7#cite_note-2
Miyazaki,Area,Habitable,1850,10/1/2015,,https://ja.wikipedia.org/wiki/%E9%83%BD%E9%81%93%E5%BA%9C%E7%9C%8C%E3%81%AE%E9%9D%A2%E7%A9%8D%E4%B8%80%E8%A6%A7#cite_note-2
Kagoshima,Area,Habitable,3313,10/1/2015,,https://ja.wikipedia.org/wiki/%E9%83%BD%E9%81%93%E5%BA%9C%E7%9C%8C%E3%81%AE%E9%9D%A2%E7%A9%8D%E4%B8%80%E8%A6%A7#cite_note-2
Okinawa,Area,Habitable,1169,10/1/2015,,https://ja.wikipedia.org/wiki/%E9%83%BD%E9%81%93%E5%BA%9C%E7%9C%8C%E3%81%AE%E9%9D%A2%E7%A9%8D%E4%B8%80%E8%A6%A7#cite_note-2
Hokkaido,Hospital_bed,Specific,0,4/1/2019,https://www.mhlw.go.jp/bunya/kenkou/kekkaku-kansenshou15/02-02.html,https://code4sabae.github.io/bedforinfection/
Aomori,Hospital_bed,Specific,0,4/1/2019,https://www.mhlw.go.jp/bunya/kenkou/kekkaku-kansenshou15/02-02.html,https://code4sabae.github.io/bedforinfection/
Iwate,Hospital_bed,Specific,0,4/1/2019,https://www.mhlw.go.jp/bunya/kenkou/kekkaku-kansenshou15/02-02.html,https://code4sabae.github.io/bedforinfection/
Miyagi,Hospital_bed,Specific,0,4/1/2019,https://www.mhlw.go.jp/bunya/kenkou/kekkaku-kansenshou15/02-02.html,https://code4sabae.github.io/bedforinfection/
Akita,Hospital_bed,Specific,0,4/1/2019,https://www.mhlw.go.jp/bunya/kenkou/kekkaku-kansenshou15/02-02.html,https://code4sabae.github.io/bedforinfection/
Yamagata,Hospital_bed,Specific,0,4/1/2019,https://www.mhlw.go.jp/bunya/kenkou/kekkaku-kansenshou15/02-02.html,https://code4sabae.github.io/bedforinfection/
Fukushima,Hospital_bed,Specific,0,4/1/2019,https://www.mhlw.go.jp/bunya/kenkou/kekkaku-kansenshou15/02-02.html,https://code4sabae.github.io/bedforinfection/
Ibaraki,Hospital_bed,Specific,0,4/1/2019,https://www.mhlw.go.jp/bunya/kenkou/kekkaku-kansenshou15/02-02.html,https://code4sabae.github.io/bedforinfection/
Tochigi,Hospital_bed,Specific,0,4/1/2019,https://www.mhlw.go.jp/bunya/kenkou/kekkaku-kansenshou15/02-02.html,https://code4sabae.github.io/bedforinfection/
Gunma,Hospital_bed,Specific,0,4/1/2019,https://www.mhlw.go.jp/bunya/kenkou/kekkaku-kansenshou15/02-02.html,https://code4sabae.github.io/bedforinfection/
Saitama,Hospital_bed,Specific,0,4/1/2019,https://www.mhlw.go.jp/bunya/kenkou/kekkaku-kansenshou15/02-02.html,https://code4sabae.github.io/bedforinfection/
Chiba,Hospital_bed,Specific,2,4/1/2019,https://www.mhlw.go.jp/bunya/kenkou/kekkaku-kansenshou15/02-02.html,https://code4sabae.github.io/bedforinfection/
Tokyo,Hospital_bed,Specific,4,4/1/2019,https://www.mhlw.go.jp/bunya/kenkou/kekkaku-kansenshou15/02-02.html,https://code4sabae.github.io/bedforinfection/
Kanagawa,Hospital_bed,Specific,0,4/1/2019,https://www.mhlw.go.jp/bunya/kenkou/kekkaku-kansenshou15/02-02.html,https://code4sabae.github.io/bedforinfection/
Niigata,Hospital_bed,Specific,0,4/1/2019,https://www.mhlw.go.jp/bunya/kenkou/kekkaku-kansenshou15/02-02.html,https://code4sabae.github.io/bedforinfection/
Toyama,Hospital_bed,Specific,0,4/1/2019,https://www.mhlw.go.jp/bunya/kenkou/kekkaku-kansenshou15/02-02.html,https://code4sabae.github.io/bedforinfection/
Ishikawa,Hospital_bed,Specific,0,4/1/2019,https://www.mhlw.go.jp/bunya/kenkou/kekkaku-kansenshou15/02-02.html,https://code4sabae.github.io/bedforinfection/
Fukui,Hospital_bed,Specific,0,4/1/2019,https://www.mhlw.go.jp/bunya/kenkou/kekkaku-kansenshou15/02-02.html,https://code4sabae.github.io/bedforinfection/
Yamanashi,Hospital_bed,Specific,0,4/1/2019,https://www.mhlw.go.jp/bunya/kenkou/kekkaku-kansenshou15/02-02.html,https://code4sabae.github.io/bedforinfection/
Nagano,Hospital_bed,Specific,0,4/1/2019,https://www.mhlw.go.jp/bunya/kenkou/kekkaku-kansenshou15/02-02.html,https://code4sabae.github.io/bedforinfection/
Gifu,Hospital_bed,Specific,0,4/1/2019,https://www.mhlw.go.jp/bunya/kenkou/kekkaku-kansenshou15/02-02.html,https://code4sabae.github.io/bedforinfection/
Shizuoka,Hospital_bed,Specific,0,4/1/2019,https://www.mhlw.go.jp/bunya/kenkou/kekkaku-kansenshou15/02-02.html,https://code4sabae.github.io/bedforinfection/
Aichi,Hospital_bed,Specific,2,4/1/2019,https://www.mhlw.go.jp/bunya/kenkou/kekkaku-kansenshou15/02-02.html,https://code4sabae.github.io/bedforinfection/
Mie,Hospital_bed,Specific,0,4/1/2019,https://www.mhlw.go.jp/bunya/kenkou/kekkaku-kansenshou15/02-02.html,https://code4sabae.github.io/bedforinfection/
Shiga,Hospital_bed,Specific,0,4/1/2019,https://www.mhlw.go.jp/bunya/kenkou/kekkaku-kansenshou15/02-02.html,https://code4sabae.github.io/bedforinfection/
Kyoto,Hospital_bed,Specific,0,4/1/2019,https://www.mhlw.go.jp/bunya/kenkou/kekkaku-kansenshou15/02-02.html,https://code4sabae.github.io/bedforinfection/
Osaka,Hospital_bed,Specific,2,4/1/2019,https://www.mhlw.go.jp/bunya/kenkou/kekkaku-kansenshou15/02-02.html,https://code4sabae.github.io/bedforinfection/
Hyogo,Hospital_bed,Specific,0,4/1/2019,https://www.mhlw.go.jp/bunya/kenkou/kekkaku-kansenshou15/02-02.html,https://code4sabae.github.io/bedforinfection/
Nara,Hospital_bed,Specific,0,4/1/2019,https://www.mhlw.go.jp/bunya/kenkou/kekkaku-kansenshou15/02-02.html,https://code4sabae.github.io/bedforinfection/
Wakayama,Hospital_bed,Specific,0,4/1/2019,https://www.mhlw.go.jp/bunya/kenkou/kekkaku-kansenshou15/02-02.html,https://code4sabae.github.io/bedforinfection/
Tottori,Hospital_bed,Specific,0,4/1/2019,https://www.mhlw.go.jp/bunya/kenkou/kekkaku-kansenshou15/02-02.html,https://code4sabae.github.io/bedforinfection/
Shimane,Hospital_bed,Specific,0,4/1/2019,https://www.mhlw.go.jp/bunya/kenkou/kekkaku-kansenshou15/02-02.html,https://code4sabae.github.io/bedforinfection/
Okayama,Hospital_bed,Specific,0,4/1/2019,https://www.mhlw.go.jp/bunya/kenkou/kekkaku-kansenshou15/02-02.html,https://code4sabae.github.io/bedforinfection/
Hiroshima,Hospital_bed,Specific,0,4/1/2019,https://www.mhlw.go.jp/bunya/kenkou/kekkaku-kansenshou15/02-02.html,https://code4sabae.github.io/bedforinfection/
Yamaguchi,Hospital_bed,Specific,0,4/1/2019,https://www.mhlw.go.jp/bunya/kenkou/kekkaku-kansenshou15/02-02.html,https://code4sabae.github.io/bedforinfection/
Tokushima,Hospital_bed,Specific,0,4/1/2019,https://www.mhlw.go.jp/bunya/kenkou/kekkaku-kansenshou15/02-02.html,https://code4sabae.github.io/bedforinfection/
Kagawa,Hospital_bed,Specific,0,4/1/2019,https://www.mhlw.go.jp/bunya/kenkou/kekkaku-kansenshou15/02-02.html,https://code4sabae.github.io/bedforinfection/
Ehime,Hospital_bed,Specific,0,4/1/2019,https://www.mhlw.go.jp/bunya/kenkou/kekkaku-kansenshou15/02-02.html,https://code4sabae.github.io/bedforinfection/
Kochi,Hospital_bed,Specific,0,4/1/2019,https://www.mhlw.go.jp/bunya/kenkou/kekkaku-kansenshou15/02-02.html,https://code4sabae.github.io/bedforinfection/
Fukuoka,Hospital_bed,Specific,0,4/1/2019,https://www.mhlw.go.jp/bunya/kenkou/kekkaku-kansenshou15/02-02.html,https://code4sabae.github.io/bedforinfection/
Saga,Hospital_bed,Specific,0,4/1/2019,https://www.mhlw.go.jp/bunya/kenkou/kekkaku-kansenshou15/02-02.html,https://code4sabae.github.io/bedforinfection/
Nagasaki,Hospital_bed,Specific,0,4/1/2019,https://www.mhlw.go.jp/bunya/kenkou/kekkaku-kansenshou15/02-02.html,https://code4sabae.github.io/bedforinfection/
Kumamoto,Hospital_bed,Specific,0,4/1/2019,https://www.mhlw.go.jp/bunya/kenkou/kekkaku-kansenshou15/02-02.html,https://code4sabae.github.io/bedforinfection/
Oita,Hospital_bed,Specific,0,4/1/2019,https://www.mhlw.go.jp/bunya/kenkou/kekkaku-kansenshou15/02-02.html,https://code4sabae.github.io/bedforinfection/
Miyazaki,Hospital_bed,Specific,0,4/1/2019,https://www.mhlw.go.jp/bunya/kenkou/kekkaku-kansenshou15/02-02.html,https://code4sabae.github.io/bedforinfection/
Kagoshima,Hospital_bed,Specific,0,4/1/2019,https://www.mhlw.go.jp/bunya/kenkou/kekkaku-kansenshou15/02-02.html,https://code4sabae.github.io/bedforinfection/
Okinawa,Hospital_bed,Specific,0,4/1/2019,https://www.mhlw.go.jp/bunya/kenkou/kekkaku-kansenshou15/02-02.html,https://code4sabae.github.io/bedforinfection/
Hokkaido,Hospital_bed,Type-I,2,4/1/2019,https://www.mhlw.go.jp/bunya/kenkou/kekkaku-kansenshou15/02-02.html,https://code4sabae.github.io/bedforinfection/
Aomori,Hospital_bed,Type-I,1,4/1/2019,https://www.mhlw.go.jp/bunya/kenkou/kekkaku-kansenshou15/02-02.html,https://code4sabae.github.io/bedforinfection/
Iwate,Hospital_bed,Type-I,2,4/1/2019,https://www.mhlw.go.jp/bunya/kenkou/kekkaku-kansenshou15/02-02.html,https://code4sabae.github.io/bedforinfection/
Miyagi,Hospital_bed,Type-I,2,4/1/2019,https://www.mhlw.go.jp/bunya/kenkou/kekkaku-kansenshou15/02-02.html,https://code4sabae.github.io/bedforinfection/
Akita,Hospital_bed,Type-I,2,4/1/2019,https://www.mhlw.go.jp/bunya/kenkou/kekkaku-kansenshou15/02-02.html,https://code4sabae.github.io/bedforinfection/
Yamagata,Hospital_bed,Type-I,2,4/1/2019,https://www.mhlw.go.jp/bunya/kenkou/kekkaku-kansenshou15/02-02.html,https://code4sabae.github.io/bedforinfection/
Fukushima,Hospital_bed,Type-I,2,4/1/2019,https://www.mhlw.go.jp/bunya/kenkou/kekkaku-kansenshou15/02-02.html,https://code4sabae.github.io/bedforinfection/
Ibaraki,Hospital_bed,Type-I,2,4/1/2019,https://www.mhlw.go.jp/bunya/kenkou/kekkaku-kansenshou15/02-02.html,https://code4sabae.github.io/bedforinfection/
Tochigi,Hospital_bed,Type-I,1,4/1/2019,https://www.mhlw.go.jp/bunya/kenkou/kekkaku-kansenshou15/02-02.html,https://code4sabae.github.io/bedforinfection/
Gunma,Hospital_bed,Type-I,2,4/1/2019,https://www.mhlw.go.jp/bunya/kenkou/kekkaku-kansenshou15/02-02.html,https://code4sabae.github.io/bedforinfection/
Saitama,Hospital_bed,Type-I,4,4/1/2019,https://www.mhlw.go.jp/bunya/kenkou/kekkaku-kansenshou15/02-02.html,https://code4sabae.github.io/bedforinfection/
Chiba,Hospital_bed,Type-I,1,4/1/2019,https://www.mhlw.go.jp/bunya/kenkou/kekkaku-kansenshou15/02-02.html,https://code4sabae.github.io/bedforinfection/
Tokyo,Hospital_bed,Type-I,8,4/1/2019,https://www.mhlw.go.jp/bunya/kenkou/kekkaku-kansenshou15/02-02.html,https://code4sabae.github.io/bedforinfection/
Kanagawa,Hospital_bed,Type-I,2,4/1/2019,https://www.mhlw.go.jp/bunya/kenkou/kekkaku-kansenshou15/02-02.html,https://code4sabae.github.io/bedforinfection/
Niigata,Hospital_bed,Type-I,2,4/1/2019,https://www.mhlw.go.jp/bunya/kenkou/kekkaku-kansenshou15/02-02.html,https://code4sabae.github.io/bedforinfection/
Toyama,Hospital_bed,Type-I,2,4/1/2019,https://www.mhlw.go.jp/bunya/kenkou/kekkaku-kansenshou15/02-02.html,https://code4sabae.github.io/bedforinfection/
Ishikawa,Hospital_bed,Type-I,2,4/1/2019,https://www.mhlw.go.jp/bunya/kenkou/kekkaku-kansenshou15/02-02.html,https://code4sabae.github.io/bedforinfection/
Fukui,Hospital_bed,Type-I,2,4/1/2019,https://www.mhlw.go.jp/bunya/kenkou/kekkaku-kansenshou15/02-02.html,https://code4sabae.github.io/bedforinfection/
Yamanashi,Hospital_bed,Type-I,2,4/1/2019,https://www.mhlw.go.jp/bunya/kenkou/kekkaku-kansenshou15/02-02.html,https://code4sabae.github.io/bedforinfection/
Nagano,Hospital_bed,Type-I,2,4/1/2019,https://www.mhlw.go.jp/bunya/kenkou/kekkaku-kansenshou15/02-02.html,https://code4sabae.github.io/bedforinfection/
Gifu,Hospital_bed,Type-I,2,4/1/2019,https://www.mhlw.go.jp/bunya/kenkou/kekkaku-kansenshou15/02-02.html,https://code4sabae.github.io/bedforinfection/
Shizuoka,Hospital_bed,Type-I,2,4/1/2019,https://www.mhlw.go.jp/bunya/kenkou/kekkaku-kansenshou15/02-02.html,https://code4sabae.github.io/bedforinfection/
Aichi,Hospital_bed,Type-I,2,4/1/2019,https://www.mhlw.go.jp/bunya/kenkou/kekkaku-kansenshou15/02-02.html,https://code4sabae.github.io/bedforinfection/
Mie,Hospital_bed,Type-I,2,4/1/2019,https://www.mhlw.go.jp/bunya/kenkou/kekkaku-kansenshou15/02-02.html,https://code4sabae.github.io/bedforinfection/
Shiga,Hospital_bed,Type-I,2,4/1/2019,https://www.mhlw.go.jp/bunya/kenkou/kekkaku-kansenshou15/02-02.html,https://code4sabae.github.io/bedforinfection/
Kyoto,Hospital_bed,Type-I,2,4/1/2019,https://www.mhlw.go.jp/bunya/kenkou/kekkaku-kansenshou15/02-02.html,https://code4sabae.github.io/bedforinfection/
Osaka,Hospital_bed,Type-I,4,4/1/2019,https://www.mhlw.go.jp/bunya/kenkou/kekkaku-kansenshou15/02-02.html,https://code4sabae.github.io/bedforinfection/
Hyogo,Hospital_bed,Type-I,4,4/1/2019,https://www.mhlw.go.jp/bunya/kenkou/kekkaku-kansenshou15/02-02.html,https://code4sabae.github.io/bedforinfection/
Nara,Hospital_bed,Type-I,2,4/1/2019,https://www.mhlw.go.jp/bunya/kenkou/kekkaku-kansenshou15/02-02.html,https://code4sabae.github.io/bedforinfection/
Wakayama,Hospital_bed,Type-I,2,4/1/2019,https://www.mhlw.go.jp/bunya/kenkou/kekkaku-kansenshou15/02-02.html,https://code4sabae.github.io/bedforinfection/
Tottori,Hospital_bed,Type-I,2,4/1/2019,https://www.mhlw.go.jp/bunya/kenkou/kekkaku-kansenshou15/02-02.html,https://code4sabae.github.io/bedforinfection/
Shimane,Hospital_bed,Type-I,2,4/1/2019,https://www.mhlw.go.jp/bunya/kenkou/kekkaku-kansenshou15/02-02.html,https://code4sabae.github.io/bedforinfection/
Okayama,Hospital_bed,Type-I,2,4/1/2019,https://www.mhlw.go.jp/bunya/kenkou/kekkaku-kansenshou15/02-02.html,https://code4sabae.github.io/bedforinfection/
Hiroshima,Hospital_bed,Type-I,2,4/1/2019,https://www.mhlw.go.jp/bunya/kenkou/kekkaku-kansenshou15/02-02.html,https://code4sabae.github.io/bedforinfection/
Yamaguchi,Hospital_bed,Type-I,2,4/1/2019,https://www.mhlw.go.jp/bunya/kenkou/kekkaku-kansenshou15/02-02.html,https://code4sabae.github.io/bedforinfection/
Tokushima,Hospital_bed,Type-I,2,4/1/2019,https://www.mhlw.go.jp/bunya/kenkou/kekkaku-kansenshou15/02-02.html,https://code4sabae.github.io/bedforinfection/
Kagawa,Hospital_bed,Type-I,2,4/1/2019,https://www.mhlw.go.jp/bunya/kenkou/kekkaku-kansenshou15/02-02.html,https://code4sabae.github.io/bedforinfection/
Ehime,Hospital_bed,Type-I,2,4/1/2019,https://www.mhlw.go.jp/bunya/kenkou/kekkaku-kansenshou15/02-02.html,https://code4sabae.github.io/bedforinfection/
Kochi,Hospital_bed,Type-I,2,4/1/2019,https://www.mhlw.go.jp/bunya/kenkou/kekkaku-kansenshou15/02-02.html,https://code4sabae.github.io/bedforinfection/
Fukuoka,Hospital_bed,Type-I,2,4/1/2019,https://www.mhlw.go.jp/bunya/kenkou/kekkaku-kansenshou15/02-02.html,https://code4sabae.github.io/bedforinfection/
Saga,Hospital_bed,Type-I,2,4/1/2019,https://www.mhlw.go.jp/bunya/kenkou/kekkaku-kansenshou15/02-02.html,https://code4sabae.github.io/bedforinfection/
Nagasaki,Hospital_bed,Type-I,2,4/1/2019,https://www.mhlw.go.jp/bunya/kenkou/kekkaku-kansenshou15/02-02.html,https://code4sabae.github.io/bedforinfection/
Kumamoto,Hospital_bed,Type-I,2,4/1/2019,https://www.mhlw.go.jp/bunya/kenkou/kekkaku-kansenshou15/02-02.html,https://code4sabae.github.io/bedforinfection/
Oita,Hospital_bed,Type-I,2,4/1/2019,https://www.mhlw.go.jp/bunya/kenkou/kekkaku-kansenshou15/02-02.html,https://code4sabae.github.io/bedforinfection/
Miyazaki,Hospital_bed,Type-I,1,4/1/2019,https://www.mhlw.go.jp/bunya/kenkou/kekkaku-kansenshou15/02-02.html,https://code4sabae.github.io/bedforinfection/
Kagoshima,Hospital_bed,Type-I,1,4/1/2019,https://www.mhlw.go.jp/bunya/kenkou/kekkaku-kansenshou15/02-02.html,https://code4sabae.github.io/bedforinfection/
Okinawa,Hospital_bed,Type-I,4,4/1/2019,https://www.mhlw.go.jp/bunya/kenkou/kekkaku-kansenshou15/02-02.html,https://code4sabae.github.io/bedforinfection/
Hokkaido,Hospital_bed,Type-II,92,4/1/2019,https://www.mhlw.go.jp/bunya/kenkou/kekkaku-kansenshou15/02-02-01.html,https://code4sabae.github.io/bedforinfection/
Aomori,Hospital_bed,Type-II,28,4/1/2019,https://www.mhlw.go.jp/bunya/kenkou/kekkaku-kansenshou15/02-02-01.html,https://code4sabae.github.io/bedforinfection/
Iwate,Hospital_bed,Type-II,36,4/1/2019,https://www.mhlw.go.jp/bunya/kenkou/kekkaku-kansenshou15/02-02-01.html,https://code4sabae.github.io/bedforinfection/
Miyagi,Hospital_bed,Type-II,27,4/1/2019,https://www.mhlw.go.jp/bunya/kenkou/kekkaku-kansenshou15/02-02-01.html,https://code4sabae.github.io/bedforinfection/
Akita,Hospital_bed,Type-II,30,4/1/2019,https://www.mhlw.go.jp/bunya/kenkou/kekkaku-kansenshou15/02-02-01.html,https://code4sabae.github.io/bedforinfection/
Yamagata,Hospital_bed,Type-II,16,4/1/2019,https://www.mhlw.go.jp/bunya/kenkou/kekkaku-kansenshou15/02-02-01.html,https://code4sabae.github.io/bedforinfection/
Fukushima,Hospital_bed,Type-II,34,4/1/2019,https://www.mhlw.go.jp/bunya/kenkou/kekkaku-kansenshou15/02-02-01.html,https://code4sabae.github.io/bedforinfection/
Ibaraki,Hospital_bed,Type-II,46,4/1/2019,https://www.mhlw.go.jp/bunya/kenkou/kekkaku-kansenshou15/02-02-01.html,https://code4sabae.github.io/bedforinfection/
Tochigi,Hospital_bed,Type-II,30,4/1/2019,https://www.mhlw.go.jp/bunya/kenkou/kekkaku-kansenshou15/02-02-01.html,https://code4sabae.github.io/bedforinfection/
Gunma,Hospital_bed,Type-II,50,4/1/2019,https://www.mhlw.go.jp/bunya/kenkou/kekkaku-kansenshou15/02-02-01.html,https://code4sabae.github.io/bedforinfection/
Saitama,Hospital_bed,Type-II,66,4/1/2019,https://www.mhlw.go.jp/bunya/kenkou/kekkaku-kansenshou15/02-02-01.html,https://code4sabae.github.io/bedforinfection/
Chiba,Hospital_bed,Type-II,55,4/1/2019,https://www.mhlw.go.jp/bunya/kenkou/kekkaku-kansenshou15/02-02-01.html,https://code4sabae.github.io/bedforinfection/
Tokyo,Hospital_bed,Type-II,106,4/1/2019,https://www.mhlw.go.jp/bunya/kenkou/kekkaku-kansenshou15/02-02-01.html,https://code4sabae.github.io/bedforinfection/
Kanagawa,Hospital_bed,Type-II,72,4/1/2019,https://www.mhlw.go.jp/bunya/kenkou/kekkaku-kansenshou15/02-02-01.html,https://code4sabae.github.io/bedforinfection/
Niigata,Hospital_bed,Type-II,34,4/1/2019,https://www.mhlw.go.jp/bunya/kenkou/kekkaku-kansenshou15/02-02-01.html,https://code4sabae.github.io/bedforinfection/
Toyama,Hospital_bed,Type-II,20,4/1/2019,https://www.mhlw.go.jp/bunya/kenkou/kekkaku-kansenshou15/02-02-01.html,https://code4sabae.github.io/bedforinfection/
Ishikawa,Hospital_bed,Type-II,18,4/1/2019,https://www.mhlw.go.jp/bunya/kenkou/kekkaku-kansenshou15/02-02-01.html,https://code4sabae.github.io/bedforinfection/
Fukui,Hospital_bed,Type-II,18,4/1/2019,https://www.mhlw.go.jp/bunya/kenkou/kekkaku-kansenshou15/02-02-01.html,https://code4sabae.github.io/bedforinfection/
Yamanashi,Hospital_bed,Type-II,28,4/1/2019,https://www.mhlw.go.jp/bunya/kenkou/kekkaku-kansenshou15/02-02-01.html,https://code4sabae.github.io/bedforinfection/
Nagano,Hospital_bed,Type-II,44,4/1/2019,https://www.mhlw.go.jp/bunya/kenkou/kekkaku-kansenshou15/02-02-01.html,https://code4sabae.github.io/bedforinfection/
Gifu,Hospital_bed,Type-II,28,4/1/2019,https://www.mhlw.go.jp/bunya/kenkou/kekkaku-kansenshou15/02-02-01.html,https://code4sabae.github.io/bedforinfection/
Shizuoka,Hospital_bed,Type-II,46,4/1/2019,https://www.mhlw.go.jp/bunya/kenkou/kekkaku-kansenshou15/02-02-01.html,https://code4sabae.github.io/bedforinfection/
Aichi,Hospital_bed,Type-II,68,4/1/2019,https://www.mhlw.go.jp/bunya/kenkou/kekkaku-kansenshou15/02-02-01.html,https://code4sabae.github.io/bedforinfection/
Mie,Hospital_bed,Type-II,22,4/1/2019,https://www.mhlw.go.jp/bunya/kenkou/kekkaku-kansenshou15/02-02-01.html,https://code4sabae.github.io/bedforinfection/
Shiga,Hospital_bed,Type-II,32,4/1/2019,https://www.mhlw.go.jp/bunya/kenkou/kekkaku-kansenshou15/02-02-01.html,https://code4sabae.github.io/bedforinfection/
Kyoto,Hospital_bed,Type-II,36,4/1/2019,https://www.mhlw.go.jp/bunya/kenkou/kekkaku-kansenshou15/02-02-01.html,https://code4sabae.github.io/bedforinfection/
Osaka,Hospital_bed,Type-II,72,4/1/2019,https://www.mhlw.go.jp/bunya/kenkou/kekkaku-kansenshou15/02-02-01.html,https://code4sabae.github.io/bedforinfection/
Hyogo,Hospital_bed,Type-II,46,4/1/2019,https://www.mhlw.go.jp/bunya/kenkou/kekkaku-kansenshou15/02-02-01.html,https://code4sabae.github.io/bedforinfection/
Nara,Hospital_bed,Type-II,22,4/1/2019,https://www.mhlw.go.jp/bunya/kenkou/kekkaku-kansenshou15/02-02-01.html,https://code4sabae.github.io/bedforinfection/
Wakayama,Hospital_bed,Type-II,30,4/1/2019,https://www.mhlw.go.jp/bunya/kenkou/kekkaku-kansenshou15/02-02-01.html,https://code4sabae.github.io/bedforinfection/
Tottori,Hospital_bed,Type-II,10,4/1/2019,https://www.mhlw.go.jp/bunya/kenkou/kekkaku-kansenshou15/02-02-01.html,https://code4sabae.github.io/bedforinfection/
Shimane,Hospital_bed,Type-II,28,4/1/2019,https://www.mhlw.go.jp/bunya/kenkou/kekkaku-kansenshou15/02-02-01.html,https://code4sabae.github.io/bedforinfection/
Okayama,Hospital_bed,Type-II,24,4/1/2019,https://www.mhlw.go.jp/bunya/kenkou/kekkaku-kansenshou15/02-02-01.html,https://code4sabae.github.io/bedforinfection/
Hiroshima,Hospital_bed,Type-II,28,4/1/2019,https://www.mhlw.go.jp/bunya/kenkou/kekkaku-kansenshou15/02-02-01.html,https://code4sabae.github.io/bedforinfection/
Yamaguchi,Hospital_bed,Type-II,38,4/1/2019,https://www.mhlw.go.jp/bunya/kenkou/kekkaku-kansenshou15/02-02-01.html,https://code4sabae.github.io/bedforinfection/
Tokushima,Hospital_bed,Type-II,21,4/1/2019,https://www.mhlw.go.jp/bunya/kenkou/kekkaku-kansenshou15/02-02-01.html,https://code4sabae.github.io/bedforinfection/
Kagawa,Hospital_bed,Type-II,22,4/1/2019,https://www.mhlw.go.jp/bunya/kenkou/kekkaku-kansenshou15/02-02-01.html,https://code4sabae.github.io/bedforinfection/
Ehime,Hospital_bed,Type-II,26,4/1/2019,https://www.mhlw.go.jp/bunya/kenkou/kekkaku-kansenshou15/02-02-01.html,https://code4sabae.github.io/bedforinfection/
Kochi,Hospital_bed,Type-II,9,4/1/2019,https://www.mhlw.go.jp/bunya/kenkou/kekkaku-kansenshou15/02-02-01.html,https://code4sabae.github.io/bedforinfection/
Fukuoka,Hospital_bed,Type-II,64,4/1/2019,https://www.mhlw.go.jp/bunya/kenkou/kekkaku-kansenshou15/02-02-01.html,https://code4sabae.github.io/bedforinfection/
Saga,Hospital_bed,Type-II,22,4/1/2019,https://www.mhlw.go.jp/bunya/kenkou/kekkaku-kansenshou15/02-02-01.html,https://code4sabae.github.io/bedforinfection/
Nagasaki,Hospital_bed,Type-II,36,4/1/2019,https://www.mhlw.go.jp/bunya/kenkou/kekkaku-kansenshou15/02-02-01.html,https://code4sabae.github.io/bedforinfection/
Kumamoto,Hospital_bed,Type-II,46,4/1/2019,https://www.mhlw.go.jp/bunya/kenkou/kekkaku-kansenshou15/02-02-01.html,https://code4sabae.github.io/bedforinfection/
Oita,Hospital_bed,Type-II,38,4/1/2019,https://www.mhlw.go.jp/bunya/kenkou/kekkaku-kansenshou15/02-02-01.html,https://code4sabae.github.io/bedforinfection/
Miyazaki,Hospital_bed,Type-II,30,4/1/2019,https://www.mhlw.go.jp/bunya/kenkou/kekkaku-kansenshou15/02-02-01.html,https://code4sabae.github.io/bedforinfection/
Kagoshima,Hospital_bed,Type-II,44,4/1/2019,https://www.mhlw.go.jp/bunya/kenkou/kekkaku-kansenshou15/02-02-01.html,https://code4sabae.github.io/bedforinfection/
Okinawa,Hospital_bed,Type-II,20,4/1/2019,https://www.mhlw.go.jp/bunya/kenkou/kekkaku-kansenshou15/02-02-01.html,https://code4sabae.github.io/bedforinfection/
Hokkaido,Hospital_bed,Tuberculosis,153,4/1/2019,https://www.mhlw.go.jp/bunya/kenkou/kekkaku-kansenshou15/02-02-01.html,https://code4sabae.github.io/bedforinfection/
Aomori,Hospital_bed,Tuberculosis,33,4/1/2019,https://www.mhlw.go.jp/bunya/kenkou/kekkaku-kansenshou15/02-02-01.html,https://code4sabae.github.io/bedforinfection/
Iwate,Hospital_bed,Tuberculosis,91,4/1/2019,https://www.mhlw.go.jp/bunya/kenkou/kekkaku-kansenshou15/02-02-01.html,https://code4sabae.github.io/bedforinfection/
Miyagi,Hospital_bed,Tuberculosis,28,4/1/2019,https://www.mhlw.go.jp/bunya/kenkou/kekkaku-kansenshou15/02-02-01.html,https://code4sabae.github.io/bedforinfection/
Akita,Hospital_bed,Tuberculosis,44,4/1/2019,https://www.mhlw.go.jp/bunya/kenkou/kekkaku-kansenshou15/02-02-01.html,https://code4sabae.github.io/bedforinfection/
Yamagata,Hospital_bed,Tuberculosis,0,4/1/2019,https://www.mhlw.go.jp/bunya/kenkou/kekkaku-kansenshou15/02-02-01.html,https://code4sabae.github.io/bedforinfection/
Fukushima,Hospital_bed,Tuberculosis,65,4/1/2019,https://www.mhlw.go.jp/bunya/kenkou/kekkaku-kansenshou15/02-02-01.html,https://code4sabae.github.io/bedforinfection/
Ibaraki,Hospital_bed,Tuberculosis,66,4/1/2019,https://www.mhlw.go.jp/bunya/kenkou/kekkaku-kansenshou15/02-02-01.html,https://code4sabae.github.io/bedforinfection/
Tochigi,Hospital_bed,Tuberculosis,45,4/1/2019,https://www.mhlw.go.jp/bunya/kenkou/kekkaku-kansenshou15/02-02-01.html,https://code4sabae.github.io/bedforinfection/
Gunma,Hospital_bed,Tuberculosis,4,4/1/2019,https://www.mhlw.go.jp/bunya/kenkou/kekkaku-kansenshou15/02-02-01.html,https://code4sabae.github.io/bedforinfection/
Saitama,Hospital_bed,Tuberculosis,80,4/1/2019,https://www.mhlw.go.jp/bunya/kenkou/kekkaku-kansenshou15/02-02-01.html,https://code4sabae.github.io/bedforinfection/
Chiba,Hospital_bed,Tuberculosis,73,4/1/2019,https://www.mhlw.go.jp/bunya/kenkou/kekkaku-kansenshou15/02-02-01.html,https://code4sabae.github.io/bedforinfection/
Tokyo,Hospital_bed,Tuberculosis,412,4/1/2019,https://www.mhlw.go.jp/bunya/kenkou/kekkaku-kansenshou15/02-02-01.html,https://code4sabae.github.io/bedforinfection/
Kanagawa,Hospital_bed,Tuberculosis,166,4/1/2019,https://www.mhlw.go.jp/bunya/kenkou/kekkaku-kansenshou15/02-02-01.html,https://code4sabae.github.io/bedforinfection/
Niigata,Hospital_bed,Tuberculosis,30,4/1/2019,https://www.mhlw.go.jp/bunya/kenkou/kekkaku-kansenshou15/02-02-01.html,https://code4sabae.github.io/bedforinfection/
Toyama,Hospital_bed,Tuberculosis,77,4/1/2019,https://www.mhlw.go.jp/bunya/kenkou/kekkaku-kansenshou15/02-02-01.html,https://code4sabae.github.io/bedforinfection/
Ishikawa,Hospital_bed,Tuberculosis,47,4/1/2019,https://www.mhlw.go.jp/bunya/kenkou/kekkaku-kansenshou15/02-02-01.html,https://code4sabae.github.io/bedforinfection/
Fukui,Hospital_bed,Tuberculosis,28,4/1/2019,https://www.mhlw.go.jp/bunya/kenkou/kekkaku-kansenshou15/02-02-01.html,https://code4sabae.github.io/bedforinfection/
Yamanashi,Hospital_bed,Tuberculosis,16,4/1/2019,https://www.mhlw.go.jp/bunya/kenkou/kekkaku-kansenshou15/02-02-01.html,https://code4sabae.github.io/bedforinfection/
Nagano,Hospital_bed,Tuberculosis,45,4/1/2019,https://www.mhlw.go.jp/bunya/kenkou/kekkaku-kansenshou15/02-02-01.html,https://code4sabae.github.io/bedforinfection/
Gifu,Hospital_bed,Tuberculosis,95,4/1/2019,https://www.mhlw.go.jp/bunya/kenkou/kekkaku-kansenshou15/02-02-01.html,https://code4sabae.github.io/bedforinfection/
Shizuoka,Hospital_bed,Tuberculosis,100,4/1/2019,https://www.mhlw.go.jp/bunya/kenkou/kekkaku-kansenshou15/02-02-01.html,https://code4sabae.github.io/bedforinfection/
Aichi,Hospital_bed,Tuberculosis,136,4/1/2019,https://www.mhlw.go.jp/bunya/kenkou/kekkaku-kansenshou15/02-02-01.html,https://code4sabae.github.io/bedforinfection/
Mie,Hospital_bed,Tuberculosis,30,4/1/2019,https://www.mhlw.go.jp/bunya/kenkou/kekkaku-kansenshou15/02-02-01.html,https://code4sabae.github.io/bedforinfection/
Shiga,Hospital_bed,Tuberculosis,36,4/1/2019,https://www.mhlw.go.jp/bunya/kenkou/kekkaku-kansenshou15/02-02-01.html,https://code4sabae.github.io/bedforinfection/
Kyoto,Hospital_bed,Tuberculosis,93,4/1/2019,https://www.mhlw.go.jp/bunya/kenkou/kekkaku-kansenshou15/02-02-01.html,https://code4sabae.github.io/bedforinfection/
Osaka,Hospital_bed,Tuberculosis,292,4/1/2019,https://www.mhlw.go.jp/bunya/kenkou/kekkaku-kansenshou15/02-02-01.html,https://code4sabae.github.io/bedforinfection/
Hyogo,Hospital_bed,Tuberculosis,150,4/1/2019,https://www.mhlw.go.jp/bunya/kenkou/kekkaku-kansenshou15/02-02-01.html,https://code4sabae.github.io/bedforinfection/
Nara,Hospital_bed,Tuberculosis,30,4/1/2019,https://www.mhlw.go.jp/bunya/kenkou/kekkaku-kansenshou15/02-02-01.html,https://code4sabae.github.io/bedforinfection/
Wakayama,Hospital_bed,Tuberculosis,15,4/1/2019,https://www.mhlw.go.jp/bunya/kenkou/kekkaku-kansenshou15/02-02-01.html,https://code4sabae.github.io/bedforinfection/
Tottori,Hospital_bed,Tuberculosis,16,4/1/2019,https://www.mhlw.go.jp/bunya/kenkou/kekkaku-kansenshou15/02-02-01.html,https://code4sabae.github.io/bedforinfection/
Shimane,Hospital_bed,Tuberculosis,16,4/1/2019,https://www.mhlw.go.jp/bunya/kenkou/kekkaku-kansenshou15/02-02-01.html,https://code4sabae.github.io/bedforinfection/
Okayama,Hospital_bed,Tuberculosis,89,4/1/2019,https://www.mhlw.go.jp/bunya/kenkou/kekkaku-kansenshou15/02-02-01.html,https://code4sabae.github.io/bedforinfection/
Hiroshima,Hospital_bed,Tuberculosis,68,4/1/2019,https://www.mhlw.go.jp/bunya/kenkou/kekkaku-kansenshou15/02-02-01.html,https://code4sabae.github.io/bedforinfection/
Yamaguchi,Hospital_bed,Tuberculosis,30,4/1/2019,https://www.mhlw.go.jp/bunya/kenkou/kekkaku-kansenshou15/02-02-01.html,https://code4sabae.github.io/bedforinfection/
Tokushima,Hospital_bed,Tuberculosis,37,4/1/2019,https://www.mhlw.go.jp/bunya/kenkou/kekkaku-kansenshou15/02-02-01.html,https://code4sabae.github.io/bedforinfection/
Kagawa,Hospital_bed,Tuberculosis,30,4/1/2019,https://www.mhlw.go.jp/bunya/kenkou/kekkaku-kansenshou15/02-02-01.html,https://code4sabae.github.io/bedforinfection/
Ehime,Hospital_bed,Tuberculosis,54,4/1/2019,https://www.mhlw.go.jp/bunya/kenkou/kekkaku-kansenshou15/02-02-01.html,https://code4sabae.github.io/bedforinfection/
Kochi,Hospital_bed,Tuberculosis,57,4/1/2019,https://www.mhlw.go.jp/bunya/kenkou/kekkaku-kansenshou15/02-02-01.html,https://code4sabae.github.io/bedforinfection/
Fukuoka,Hospital_bed,Tuberculosis,191,4/1/2019,https://www.mhlw.go.jp/bunya/kenkou/kekkaku-kansenshou15/02-02-01.html,https://code4sabae.github.io/bedforinfection/
Saga,Hospital_bed,Tuberculosis,30,4/1/2019,https://www.mhlw.go.jp/bunya/kenkou/kekkaku-kansenshou15/02-02-01.html,https://code4sabae.github.io/bedforinfection/
Nagasaki,Hospital_bed,Tuberculosis,81,4/1/2019,https://www.mhlw.go.jp/bunya/kenkou/kekkaku-kansenshou15/02-02-01.html,https://code4sabae.github.io/bedforinfection/
Kumamoto,Hospital_bed,Tuberculosis,95,4/1/2019,https://www.mhlw.go.jp/bunya/kenkou/kekkaku-kansenshou15/02-02-01.html,https://code4sabae.github.io/bedforinfection/
Oita,Hospital_bed,Tuberculosis,50,4/1/2019,https://www.mhlw.go.jp/bunya/kenkou/kekkaku-kansenshou15/02-02-01.html,https://code4sabae.github.io/bedforinfection/
Miyazaki,Hospital_bed,Tuberculosis,33,4/1/2019,https://www.mhlw.go.jp/bunya/kenkou/kekkaku-kansenshou15/02-02-01.html,https://code4sabae.github.io/bedforinfection/
Kagoshima,Hospital_bed,Tuberculosis,98,4/1/2019,https://www.mhlw.go.jp/bunya/kenkou/kekkaku-kansenshou15/02-02-01.html,https://code4sabae.github.io/bedforinfection/
Okinawa,Hospital_bed,Tuberculosis,47,4/1/2019,https://www.mhlw.go.jp/bunya/kenkou/kekkaku-kansenshou15/02-02-01.html,https://code4sabae.github.io/bedforinfection/
Hokkaido,Hospital_bed,Care,20822,1/31/2020,https://www.mhlw.go.jp/toukei/saikin/hw/iryosd/m20/is2001.html,
Aomori,Hospital_bed,Care,2614,1/31/2020,https://www.mhlw.go.jp/toukei/saikin/hw/iryosd/m20/is2001.html,
Iwate,Hospital_bed,Care,2310,1/31/2020,https://www.mhlw.go.jp/toukei/saikin/hw/iryosd/m20/is2001.html,
Miyagi,Hospital_bed,Care,3431,1/31/2020,https://www.mhlw.go.jp/toukei/saikin/hw/iryosd/m20/is2001.html,
Akita,Hospital_bed,Care,2035,1/31/2020,https://www.mhlw.go.jp/toukei/saikin/hw/iryosd/m20/is2001.html,
Yamagata,Hospital_bed,Care,2068,1/31/2020,https://www.mhlw.go.jp/toukei/saikin/hw/iryosd/m20/is2001.html,
Fukushima,Hospital_bed,Care,3143,1/31/2020,https://www.mhlw.go.jp/toukei/saikin/hw/iryosd/m20/is2001.html,
Ibaraki,Hospital_bed,Care,5587,1/31/2020,https://www.mhlw.go.jp/toukei/saikin/hw/iryosd/m20/is2001.html,
Tochigi,Hospital_bed,Care,4094,1/31/2020,https://www.mhlw.go.jp/toukei/saikin/hw/iryosd/m20/is2001.html,
Gunma,Hospital_bed,Care,4208,1/31/2020,https://www.mhlw.go.jp/toukei/saikin/hw/iryosd/m20/is2001.html,
Saitama,Hospital_bed,Care,11449,1/31/2020,https://www.mhlw.go.jp/toukei/saikin/hw/iryosd/m20/is2001.html,
Chiba,Hospital_bed,Care,10587,1/31/2020,https://www.mhlw.go.jp/toukei/saikin/hw/iryosd/m20/is2001.html,
Tokyo,Hospital_bed,Care,23604,1/31/2020,https://www.mhlw.go.jp/toukei/saikin/hw/iryosd/m20/is2001.html,
Kanagawa,Hospital_bed,Care,13184,1/31/2020,https://www.mhlw.go.jp/toukei/saikin/hw/iryosd/m20/is2001.html,
Niigata,Hospital_bed,Care,4329,1/31/2020,https://www.mhlw.go.jp/toukei/saikin/hw/iryosd/m20/is2001.html,
Toyama,Hospital_bed,Care,4209,1/31/2020,https://www.mhlw.go.jp/toukei/saikin/hw/iryosd/m20/is2001.html,
Ishikawa,Hospital_bed,Care,3753,1/31/2020,https://www.mhlw.go.jp/toukei/saikin/hw/iryosd/m20/is2001.html,
Fukui,Hospital_bed,Care,1852,1/31/2020,https://www.mhlw.go.jp/toukei/saikin/hw/iryosd/m20/is2001.html,
Yamanashi,Hospital_bed,Care,2036,1/31/2020,https://www.mhlw.go.jp/toukei/saikin/hw/iryosd/m20/is2001.html,
Nagano,Hospital_bed,Care,3572,1/31/2020,https://www.mhlw.go.jp/toukei/saikin/hw/iryosd/m20/is2001.html,
Gifu,Hospital_bed,Care,3136,1/31/2020,https://www.mhlw.go.jp/toukei/saikin/hw/iryosd/m20/is2001.html,
Shizuoka,Hospital_bed,Care,9814,1/31/2020,https://www.mhlw.go.jp/toukei/saikin/hw/iryosd/m20/is2001.html,
Aichi,Hospital_bed,Care,14577,1/31/2020,https://www.mhlw.go.jp/toukei/saikin/hw/iryosd/m20/is2001.html,
Mie,Hospital_bed,Care,3927,1/31/2020,https://www.mhlw.go.jp/toukei/saikin/hw/iryosd/m20/is2001.html,
Shiga,Hospital_bed,Care,2636,1/31/2020,https://www.mhlw.go.jp/toukei/saikin/hw/iryosd/m20/is2001.html,
Kyoto,Hospital_bed,Care,5408,1/31/2020,https://www.mhlw.go.jp/toukei/saikin/hw/iryosd/m20/is2001.html,
Osaka,Hospital_bed,Care,21124,1/31/2020,https://www.mhlw.go.jp/toukei/saikin/hw/iryosd/m20/is2001.html,
Hyogo,Hospital_bed,Care,13120,1/31/2020,https://www.mhlw.go.jp/toukei/saikin/hw/iryosd/m20/is2001.html,
Nara,Hospital_bed,Care,2837,1/31/2020,https://www.mhlw.go.jp/toukei/saikin/hw/iryosd/m20/is2001.html,
Wakayama,Hospital_bed,Care,2493,1/31/2020,https://www.mhlw.go.jp/toukei/saikin/hw/iryosd/m20/is2001.html,
Tottori,Hospital_bed,Care,1814,1/31/2020,https://www.mhlw.go.jp/toukei/saikin/hw/iryosd/m20/is2001.html,
Shimane,Hospital_bed,Care,1956,1/31/2020,https://www.mhlw.go.jp/toukei/saikin/hw/iryosd/m20/is2001.html,
Okayama,Hospital_bed,Care,4345,1/31/2020,https://www.mhlw.go.jp/toukei/saikin/hw/iryosd/m20/is2001.html,
Hiroshima,Hospital_bed,Care,8984,1/31/2020,https://www.mhlw.go.jp/toukei/saikin/hw/iryosd/m20/is2001.html,
Yamaguchi,Hospital_bed,Care,8674,1/31/2020,https://www.mhlw.go.jp/toukei/saikin/hw/iryosd/m20/is2001.html,
Tokushima,Hospital_bed,Care,4001,1/31/2020,https://www.mhlw.go.jp/toukei/saikin/hw/iryosd/m20/is2001.html,
Kagawa,Hospital_bed,Care,2377,1/31/2020,https://www.mhlw.go.jp/toukei/saikin/hw/iryosd/m20/is2001.html,
Ehime,Hospital_bed,Care,4574,1/31/2020,https://www.mhlw.go.jp/toukei/saikin/hw/iryosd/m20/is2001.html,
Kochi,Hospital_bed,Care,6066,1/31/2020,https://www.mhlw.go.jp/toukei/saikin/hw/iryosd/m20/is2001.html,
Fukuoka,Hospital_bed,Care,18846,1/31/2020,https://www.mhlw.go.jp/toukei/saikin/hw/iryosd/m20/is2001.html,
Saga,Hospital_bed,Care,3983,1/31/2020,https://www.mhlw.go.jp/toukei/saikin/hw/iryosd/m20/is2001.html,
Nagasaki,Hospital_bed,Care,6092,1/31/2020,https://www.mhlw.go.jp/toukei/saikin/hw/iryosd/m20/is2001.html,
Kumamoto,Hospital_bed,Care,8340,1/31/2020,https://www.mhlw.go.jp/toukei/saikin/hw/iryosd/m20/is2001.html,
Oita,Hospital_bed,Care,2618,1/31/2020,https://www.mhlw.go.jp/toukei/saikin/hw/iryosd/m20/is2001.html,
Miyazaki,Hospital_bed,Care,3682,1/31/2020,https://www.mhlw.go.jp/toukei/saikin/hw/iryosd/m20/is2001.html,
Kagoshima,Hospital_bed,Care,7750,1/31/2020,https://www.mhlw.go.jp/toukei/saikin/hw/iryosd/m20/is2001.html,
Okinawa,Hospital_bed,Care,3804,1/31/2020,https://www.mhlw.go.jp/toukei/saikin/hw/iryosd/m20/is2001.html,
Hokkaido,Hospital_bed,Total,93050,1/31/2020,https://www.mhlw.go.jp/toukei/saikin/hw/iryosd/m20/is2001.html,
Aomori,Hospital_bed,Total,17075,1/31/2020,https://www.mhlw.go.jp/toukei/saikin/hw/iryosd/m20/is2001.html,
Iwate,Hospital_bed,Total,16557,1/31/2020,https://www.mhlw.go.jp/toukei/saikin/hw/iryosd/m20/is2001.html,
Miyagi,Hospital_bed,Total,25121,1/31/2020,https://www.mhlw.go.jp/toukei/saikin/hw/iryosd/m20/is2001.html,
Akita,Hospital_bed,Total,14627,1/31/2020,https://www.mhlw.go.jp/toukei/saikin/hw/iryosd/m20/is2001.html,
Yamagata,Hospital_bed,Total,14234,1/31/2020,https://www.mhlw.go.jp/toukei/saikin/hw/iryosd/m20/is2001.html,
Fukushima,Hospital_bed,Total,24458,1/31/2020,https://www.mhlw.go.jp/toukei/saikin/hw/iryosd/m20/is2001.html,
Ibaraki,Hospital_bed,Total,30854,1/31/2020,https://www.mhlw.go.jp/toukei/saikin/hw/iryosd/m20/is2001.html,
Tochigi,Hospital_bed,Total,20786,1/31/2020,https://www.mhlw.go.jp/toukei/saikin/hw/iryosd/m20/is2001.html,
Gunma,Hospital_bed,Total,23823,1/31/2020,https://www.mhlw.go.jp/toukei/saikin/hw/iryosd/m20/is2001.html,
Saitama,Hospital_bed,Total,62938,1/31/2020,https://www.mhlw.go.jp/toukei/saikin/hw/iryosd/m20/is2001.html,
Chiba,Hospital_bed,Total,59249,1/31/2020,https://www.mhlw.go.jp/toukei/saikin/hw/iryosd/m20/is2001.html,
Tokyo,Hospital_bed,Total,127373,1/31/2020,https://www.mhlw.go.jp/toukei/saikin/hw/iryosd/m20/is2001.html,
Kanagawa,Hospital_bed,Total,74006,1/31/2020,https://www.mhlw.go.jp/toukei/saikin/hw/iryosd/m20/is2001.html,
Niigata,Hospital_bed,Total,27362,1/31/2020,https://www.mhlw.go.jp/toukei/saikin/hw/iryosd/m20/is2001.html,
Toyama,Hospital_bed,Total,15784,1/31/2020,https://www.mhlw.go.jp/toukei/saikin/hw/iryosd/m20/is2001.html,
Ishikawa,Hospital_bed,Total,17294,1/31/2020,https://www.mhlw.go.jp/toukei/saikin/hw/iryosd/m20/is2001.html,
Fukui,Hospital_bed,Total,10516,1/31/2020,https://www.mhlw.go.jp/toukei/saikin/hw/iryosd/m20/is2001.html,
Yamanashi,Hospital_bed,Total,10684,1/31/2020,https://www.mhlw.go.jp/toukei/saikin/hw/iryosd/m20/is2001.html,
Nagano,Hospital_bed,Total,23351,1/31/2020,https://www.mhlw.go.jp/toukei/saikin/hw/iryosd/m20/is2001.html,
Gifu,Hospital_bed,Total,20068,1/31/2020,https://www.mhlw.go.jp/toukei/saikin/hw/iryosd/m20/is2001.html,
Shizuoka,Hospital_bed,Total,37586,1/31/2020,https://www.mhlw.go.jp/toukei/saikin/hw/iryosd/m20/is2001.html,
Aichi,Hospital_bed,Total,67109,1/31/2020,https://www.mhlw.go.jp/toukei/saikin/hw/iryosd/m20/is2001.html,
Mie,Hospital_bed,Total,19621,1/31/2020,https://www.mhlw.go.jp/toukei/saikin/hw/iryosd/m20/is2001.html,
Shiga,Hospital_bed,Total,14123,1/31/2020,https://www.mhlw.go.jp/toukei/saikin/hw/iryosd/m20/is2001.html,
Kyoto,Hospital_bed,Total,34219,1/31/2020,https://www.mhlw.go.jp/toukei/saikin/hw/iryosd/m20/is2001.html,
Osaka,Hospital_bed,Total,105225,1/31/2020,https://www.mhlw.go.jp/toukei/saikin/hw/iryosd/m20/is2001.html,
Hyogo,Hospital_bed,Total,64408,1/31/2020,https://www.mhlw.go.jp/toukei/saikin/hw/iryosd/m20/is2001.html,
Nara,Hospital_bed,Total,16404,1/31/2020,https://www.mhlw.go.jp/toukei/saikin/hw/iryosd/m20/is2001.html,
Wakayama,Hospital_bed,Total,13230,1/31/2020,https://www.mhlw.go.jp/toukei/saikin/hw/iryosd/m20/is2001.html,
Tottori,Hospital_bed,Total,8421,1/31/2020,https://www.mhlw.go.jp/toukei/saikin/hw/iryosd/m20/is2001.html,
Shimane,Hospital_bed,Total,10241,1/31/2020,https://www.mhlw.go.jp/toukei/saikin/hw/iryosd/m20/is2001.html,
Okayama,Hospital_bed,Total,27651,1/31/2020,https://www.mhlw.go.jp/toukei/saikin/hw/iryosd/m20/is2001.html,
Hiroshima,Hospital_bed,Total,38683,1/31/2020,https://www.mhlw.go.jp/toukei/saikin/hw/iryosd/m20/is2001.html,
Yamaguchi,Hospital_bed,Total,25900,1/31/2020,https://www.mhlw.go.jp/toukei/saikin/hw/iryosd/m20/is2001.html,
Tokushima,Hospital_bed,Total,13942,1/31/2020,https://www.mhlw.go.jp/toukei/saikin/hw/iryosd/m20/is2001.html,
Kagawa,Hospital_bed,Total,14456,1/31/2020,https://www.mhlw.go.jp/toukei/saikin/hw/iryosd/m20/is2001.html,
Ehime,Hospital_bed,Total,21027,1/31/2020,https://www.mhlw.go.jp/toukei/saikin/hw/iryosd/m20/is2001.html,
Kochi,Hospital_bed,Total,17496,1/31/2020,https://www.mhlw.go.jp/toukei/saikin/hw/iryosd/m20/is2001.html,
Fukuoka,Hospital_bed,Total,83532,1/31/2020,https://www.mhlw.go.jp/toukei/saikin/hw/iryosd/m20/is2001.html,
Saga,Hospital_bed,Total,14505,1/31/2020,https://www.mhlw.go.jp/toukei/saikin/hw/iryosd/m20/is2001.html,
Nagasaki,Hospital_bed,Total,25975,1/31/2020,https://www.mhlw.go.jp/toukei/saikin/hw/iryosd/m20/is2001.html,
Kumamoto,Hospital_bed,Total,33710,1/31/2020,https://www.mhlw.go.jp/toukei/saikin/hw/iryosd/m20/is2001.html,
Oita,Hospital_bed,Total,19834,1/31/2020,https://www.mhlw.go.jp/toukei/saikin/hw/iryosd/m20/is2001.html,
Miyazaki,Hospital_bed,Total,18769,1/31/2020,https://www.mhlw.go.jp/toukei/saikin/hw/iryosd/m20/is2001.html,
Kagoshima,Hospital_bed,Total,32651,1/31/2020,https://www.mhlw.go.jp/toukei/saikin/hw/iryosd/m20/is2001.html,
Okinawa,Hospital_bed,Total,18710,1/31/2020,https://www.mhlw.go.jp/toukei/saikin/hw/iryosd/m20/is2001.html,
Hokkaido,Clinic_bed,Care,428,1/31/2020,https://www.mhlw.go.jp/toukei/saikin/hw/iryosd/m20/is2001.html,
Aomori,Clinic_bed,Care,114,1/31/2020,https://www.mhlw.go.jp/toukei/saikin/hw/iryosd/m20/is2001.html,
Iwate,Clinic_bed,Care,98,1/31/2020,https://www.mhlw.go.jp/toukei/saikin/hw/iryosd/m20/is2001.html,
Miyagi,Clinic_bed,Care,91,1/31/2020,https://www.mhlw.go.jp/toukei/saikin/hw/iryosd/m20/is2001.html,
Akita,Clinic_bed,Care,77,1/31/2020,https://www.mhlw.go.jp/toukei/saikin/hw/iryosd/m20/is2001.html,
Yamagata,Clinic_bed,Care,65,1/31/2020,https://www.mhlw.go.jp/toukei/saikin/hw/iryosd/m20/is2001.html,
Fukushima,Clinic_bed,Care,60,1/31/2020,https://www.mhlw.go.jp/toukei/saikin/hw/iryosd/m20/is2001.html,
Ibaraki,Clinic_bed,Care,120,1/31/2020,https://www.mhlw.go.jp/toukei/saikin/hw/iryosd/m20/is2001.html,
Tochigi,Clinic_bed,Care,56,1/31/2020,https://www.mhlw.go.jp/toukei/saikin/hw/iryosd/m20/is2001.html,
Gunma,Clinic_bed,Care,44,1/31/2020,https://www.mhlw.go.jp/toukei/saikin/hw/iryosd/m20/is2001.html,
Saitama,Clinic_bed,Care,34,1/31/2020,https://www.mhlw.go.jp/toukei/saikin/hw/iryosd/m20/is2001.html,
Chiba,Clinic_bed,Care,115,1/31/2020,https://www.mhlw.go.jp/toukei/saikin/hw/iryosd/m20/is2001.html,
Tokyo,Clinic_bed,Care,119,1/31/2020,https://www.mhlw.go.jp/toukei/saikin/hw/iryosd/m20/is2001.html,
Kanagawa,Clinic_bed,Care,139,1/31/2020,https://www.mhlw.go.jp/toukei/saikin/hw/iryosd/m20/is2001.html,
Niigata,Clinic_bed,Care,19,1/31/2020,https://www.mhlw.go.jp/toukei/saikin/hw/iryosd/m20/is2001.html,
Toyama,Clinic_bed,Care,12,1/31/2020,https://www.mhlw.go.jp/toukei/saikin/hw/iryosd/m20/is2001.html,
Ishikawa,Clinic_bed,Care,16,1/31/2020,https://www.mhlw.go.jp/toukei/saikin/hw/iryosd/m20/is2001.html,
Fukui,Clinic_bed,Care,131,1/31/2020,https://www.mhlw.go.jp/toukei/saikin/hw/iryosd/m20/is2001.html,
Yamanashi,Clinic_bed,Care,36,1/31/2020,https://www.mhlw.go.jp/toukei/saikin/hw/iryosd/m20/is2001.html,
Nagano,Clinic_bed,Care,113,1/31/2020,https://www.mhlw.go.jp/toukei/saikin/hw/iryosd/m20/is2001.html,
Gifu,Clinic_bed,Care,250,1/31/2020,https://www.mhlw.go.jp/toukei/saikin/hw/iryosd/m20/is2001.html,
Shizuoka,Clinic_bed,Care,56,1/31/2020,https://www.mhlw.go.jp/toukei/saikin/hw/iryosd/m20/is2001.html,
Aichi,Clinic_bed,Care,210,1/31/2020,https://www.mhlw.go.jp/toukei/saikin/hw/iryosd/m20/is2001.html,
Mie,Clinic_bed,Care,194,1/31/2020,https://www.mhlw.go.jp/toukei/saikin/hw/iryosd/m20/is2001.html,
Shiga,Clinic_bed,Care,17,1/31/2020,https://www.mhlw.go.jp/toukei/saikin/hw/iryosd/m20/is2001.html,
Kyoto,Clinic_bed,Care,25,1/31/2020,https://www.mhlw.go.jp/toukei/saikin/hw/iryosd/m20/is2001.html,
Osaka,Clinic_bed,Care,44,1/31/2020,https://www.mhlw.go.jp/toukei/saikin/hw/iryosd/m20/is2001.html,
Hyogo,Clinic_bed,Care,152,1/31/2020,https://www.mhlw.go.jp/toukei/saikin/hw/iryosd/m20/is2001.html,
Nara,Clinic_bed,Care,34,1/31/2020,https://www.mhlw.go.jp/toukei/saikin/hw/iryosd/m20/is2001.html,
Wakayama,Clinic_bed,Care,122,1/31/2020,https://www.mhlw.go.jp/toukei/saikin/hw/iryosd/m20/is2001.html,
Tottori,Clinic_bed,Care,18,1/31/2020,https://www.mhlw.go.jp/toukei/saikin/hw/iryosd/m20/is2001.html,
Shimane,Clinic_bed,Care,10,1/31/2020,https://www.mhlw.go.jp/toukei/saikin/hw/iryosd/m20/is2001.html,
Okayama,Clinic_bed,Care,321,1/31/2020,https://www.mhlw.go.jp/toukei/saikin/hw/iryosd/m20/is2001.html,
Hiroshima,Clinic_bed,Care,401,1/31/2020,https://www.mhlw.go.jp/toukei/saikin/hw/iryosd/m20/is2001.html,
Yamaguchi,Clinic_bed,Care,101,1/31/2020,https://www.mhlw.go.jp/toukei/saikin/hw/iryosd/m20/is2001.html,
Tokushima,Clinic_bed,Care,122,1/31/2020,https://www.mhlw.go.jp/toukei/saikin/hw/iryosd/m20/is2001.html,
Kagawa,Clinic_bed,Care,189,1/31/2020,https://www.mhlw.go.jp/toukei/saikin/hw/iryosd/m20/is2001.html,
Ehime,Clinic_bed,Care,257,1/31/2020,https://www.mhlw.go.jp/toukei/saikin/hw/iryosd/m20/is2001.html,
Kochi,Clinic_bed,Care,12,1/31/2020,https://www.mhlw.go.jp/toukei/saikin/hw/iryosd/m20/is2001.html,
Fukuoka,Clinic_bed,Care,798,1/31/2020,https://www.mhlw.go.jp/toukei/saikin/hw/iryosd/m20/is2001.html,
Saga,Clinic_bed,Care,285,1/31/2020,https://www.mhlw.go.jp/toukei/saikin/hw/iryosd/m20/is2001.html,
Nagasaki,Clinic_bed,Care,408,1/31/2020,https://www.mhlw.go.jp/toukei/saikin/hw/iryosd/m20/is2001.html,
Kumamoto,Clinic_bed,Care,497,1/31/2020,https://www.mhlw.go.jp/toukei/saikin/hw/iryosd/m20/is2001.html,
Oita,Clinic_bed,Care,269,1/31/2020,https://www.mhlw.go.jp/toukei/saikin/hw/iryosd/m20/is2001.html,
Miyazaki,Clinic_bed,Care,206,1/31/2020,https://www.mhlw.go.jp/toukei/saikin/hw/iryosd/m20/is2001.html,
Kagoshima,Clinic_bed,Care,652,1/31/2020,https://www.mhlw.go.jp/toukei/saikin/hw/iryosd/m20/is2001.html,
Okinawa,Clinic_bed,Care,83,1/31/2020,https://www.mhlw.go.jp/toukei/saikin/hw/iryosd/m20/is2001.html,
Hokkaido,Clinic_bed,Total,5585,1/31/2020,https://www.mhlw.go.jp/toukei/saikin/hw/iryosd/m20/is2001.html,
Aomori,Clinic_bed,Total,1906,1/31/2020,https://www.mhlw.go.jp/toukei/saikin/hw/iryosd/m20/is2001.html,
Iwate,Clinic_bed,Total,1255,1/31/2020,https://www.mhlw.go.jp/toukei/saikin/hw/iryosd/m20/is2001.html,
Miyagi,Clinic_bed,Total,1468,1/31/2020,https://www.mhlw.go.jp/toukei/saikin/hw/iryosd/m20/is2001.html,
Akita,Clinic_bed,Total,721,1/31/2020,https://www.mhlw.go.jp/toukei/saikin/hw/iryosd/m20/is2001.html,
Yamagata,Clinic_bed,Total,632,1/31/2020,https://www.mhlw.go.jp/toukei/saikin/hw/iryosd/m20/is2001.html,
Fukushima,Clinic_bed,Total,1228,1/31/2020,https://www.mhlw.go.jp/toukei/saikin/hw/iryosd/m20/is2001.html,
Ibaraki,Clinic_bed,Total,1647,1/31/2020,https://www.mhlw.go.jp/toukei/saikin/hw/iryosd/m20/is2001.html,
Tochigi,Clinic_bed,Total,1581,1/31/2020,https://www.mhlw.go.jp/toukei/saikin/hw/iryosd/m20/is2001.html,
Gunma,Clinic_bed,Total,1020,1/31/2020,https://www.mhlw.go.jp/toukei/saikin/hw/iryosd/m20/is2001.html,
Saitama,Clinic_bed,Total,2576,1/31/2020,https://www.mhlw.go.jp/toukei/saikin/hw/iryosd/m20/is2001.html,
Chiba,Clinic_bed,Total,2168,1/31/2020,https://www.mhlw.go.jp/toukei/saikin/hw/iryosd/m20/is2001.html,
Tokyo,Clinic_bed,Total,3645,1/31/2020,https://www.mhlw.go.jp/toukei/saikin/hw/iryosd/m20/is2001.html,
Kanagawa,Clinic_bed,Total,2308,1/31/2020,https://www.mhlw.go.jp/toukei/saikin/hw/iryosd/m20/is2001.html,
Niigata,Clinic_bed,Total,537,1/31/2020,https://www.mhlw.go.jp/toukei/saikin/hw/iryosd/m20/is2001.html,
Toyama,Clinic_bed,Total,467,1/31/2020,https://www.mhlw.go.jp/toukei/saikin/hw/iryosd/m20/is2001.html,
Ishikawa,Clinic_bed,Total,848,1/31/2020,https://www.mhlw.go.jp/toukei/saikin/hw/iryosd/m20/is2001.html,
Fukui,Clinic_bed,Total,1003,1/31/2020,https://www.mhlw.go.jp/toukei/saikin/hw/iryosd/m20/is2001.html,
Yamanashi,Clinic_bed,Total,457,1/31/2020,https://www.mhlw.go.jp/toukei/saikin/hw/iryosd/m20/is2001.html,
Nagano,Clinic_bed,Total,828,1/31/2020,https://www.mhlw.go.jp/toukei/saikin/hw/iryosd/m20/is2001.html,
Gifu,Clinic_bed,Total,1524,1/31/2020,https://www.mhlw.go.jp/toukei/saikin/hw/iryosd/m20/is2001.html,
Shizuoka,Clinic_bed,Total,1928,1/31/2020,https://www.mhlw.go.jp/toukei/saikin/hw/iryosd/m20/is2001.html,
Aichi,Clinic_bed,Total,3663,1/31/2020,https://www.mhlw.go.jp/toukei/saikin/hw/iryosd/m20/is2001.html,
Mie,Clinic_bed,Total,1128,1/31/2020,https://www.mhlw.go.jp/toukei/saikin/hw/iryosd/m20/is2001.html,
Shiga,Clinic_bed,Total,499,1/31/2020,https://www.mhlw.go.jp/toukei/saikin/hw/iryosd/m20/is2001.html,
Kyoto,Clinic_bed,Total,703,1/31/2020,https://www.mhlw.go.jp/toukei/saikin/hw/iryosd/m20/is2001.html,
Osaka,Clinic_bed,Total,2148,1/31/2020,https://www.mhlw.go.jp/toukei/saikin/hw/iryosd/m20/is2001.html,
Hyogo,Clinic_bed,Total,2548,1/31/2020,https://www.mhlw.go.jp/toukei/saikin/hw/iryosd/m20/is2001.html,
Nara,Clinic_bed,Total,435,1/31/2020,https://www.mhlw.go.jp/toukei/saikin/hw/iryosd/m20/is2001.html,
Wakayama,Clinic_bed,Total,861,1/31/2020,https://www.mhlw.go.jp/toukei/saikin/hw/iryosd/m20/is2001.html,
Tottori,Clinic_bed,Total,445,1/31/2020,https://www.mhlw.go.jp/toukei/saikin/hw/iryosd/m20/is2001.html,
Shimane,Clinic_bed,Total,441,1/31/2020,https://www.mhlw.go.jp/toukei/saikin/hw/iryosd/m20/is2001.html,
Okayama,Clinic_bed,Total,2046,1/31/2020,https://www.mhlw.go.jp/toukei/saikin/hw/iryosd/m20/is2001.html,
Hiroshima,Clinic_bed,Total,2655,1/31/2020,https://www.mhlw.go.jp/toukei/saikin/hw/iryosd/m20/is2001.html,
Yamaguchi,Clinic_bed,Total,1440,1/31/2020,https://www.mhlw.go.jp/toukei/saikin/hw/iryosd/m20/is2001.html,
Tokushima,Clinic_bed,Total,1546,1/31/2020,https://www.mhlw.go.jp/toukei/saikin/hw/iryosd/m20/is2001.html,
Kagawa,Clinic_bed,Total,1379,1/31/2020,https://www.mhlw.go.jp/toukei/saikin/hw/iryosd/m20/is2001.html,
Ehime,Clinic_bed,Total,2351,1/31/2020,https://www.mhlw.go.jp/toukei/saikin/hw/iryosd/m20/is2001.html,
Kochi,Clinic_bed,Total,1232,1/31/2020,https://www.mhlw.go.jp/toukei/saikin/hw/iryosd/m20/is2001.html,
Fukuoka,Clinic_bed,Total,6982,1/31/2020,https://www.mhlw.go.jp/toukei/saikin/hw/iryosd/m20/is2001.html,
Saga,Clinic_bed,Total,2184,1/31/2020,https://www.mhlw.go.jp/toukei/saikin/hw/iryosd/m20/is2001.html,
Nagasaki,Clinic_bed,Total,3321,1/31/2020,https://www.mhlw.go.jp/toukei/saikin/hw/iryosd/m20/is2001.html,
Kumamoto,Clinic_bed,Total,4628,1/31/2020,https://www.mhlw.go.jp/toukei/saikin/hw/iryosd/m20/is2001.html,
Oita,Clinic_bed,Total,3561,1/31/2020,https://www.mhlw.go.jp/toukei/saikin/hw/iryosd/m20/is2001.html,
Miyazaki,Clinic_bed,Total,2357,1/31/2020,https://www.mhlw.go.jp/toukei/saikin/hw/iryosd/m20/is2001.html,
Kagoshima,Clinic_bed,Total,4827,1/31/2020,https://www.mhlw.go.jp/toukei/saikin/hw/iryosd/m20/is2001.html,
Okinawa,Clinic_bed,Total,914,1/31/2020,https://www.mhlw.go.jp/toukei/saikin/hw/iryosd/m20/is2001.html,
Hokkaido,Location,Latitude,43.065063,10/14/2014,,http://linkdata.org/work/rdf1s8i
Aomori,Location,Latitude,40.824592,10/14/2014,,http://linkdata.org/work/rdf1s8i
Iwate,Location,Latitude,39.70367,10/14/2014,,http://linkdata.org/work/rdf1s8i
Miyagi,Location,Latitude,38.268915,10/14/2014,,http://linkdata.org/work/rdf1s8i
Akita,Location,Latitude,39.718353,10/14/2014,,http://linkdata.org/work/rdf1s8i
Yamagata,Location,Latitude,38.240354,10/14/2014,,http://linkdata.org/work/rdf1s8i
Fukushima,Location,Latitude,37.750324,10/14/2014,,http://linkdata.org/work/rdf1s8i
Ibaraki,Location,Latitude,36.341981,10/14/2014,,http://linkdata.org/work/rdf1s8i
Tochigi,Location,Latitude,36.565875,10/14/2014,,http://linkdata.org/work/rdf1s8i
Gunma,Location,Latitude,36.391389,10/14/2014,,http://linkdata.org/work/rdf1s8i
Saitama,Location,Latitude,35.857944,10/14/2014,,http://linkdata.org/work/rdf1s8i
Chiba,Location,Latitude,35.604757,10/14/2014,,http://linkdata.org/work/rdf1s8i
Tokyo,Location,Latitude,35.689439,10/14/2014,,http://linkdata.org/work/rdf1s8i
Kanagawa,Location,Latitude,35.447692,10/14/2014,,http://linkdata.org/work/rdf1s8i
Niigata,Location,Latitude,37.901881,10/14/2014,,http://linkdata.org/work/rdf1s8i
Toyama,Location,Latitude,36.695376,10/14/2014,,http://linkdata.org/work/rdf1s8i
Ishikawa,Location,Latitude,36.594848,10/14/2014,,http://linkdata.org/work/rdf1s8i
Fukui,Location,Latitude,36.065449,10/14/2014,,http://linkdata.org/work/rdf1s8i
Yamanashi,Location,Latitude,35.665316,10/14/2014,,http://linkdata.org/work/rdf1s8i
Nagano,Location,Latitude,36.651473,10/14/2014,,http://linkdata.org/work/rdf1s8i
Gifu,Location,Latitude,35.39135,10/14/2014,,http://linkdata.org/work/rdf1s8i
Shizuoka,Location,Latitude,34.977136,10/14/2014,,http://linkdata.org/work/rdf1s8i
Aichi,Location,Latitude,35.180464,10/14/2014,,http://linkdata.org/work/rdf1s8i
Mie,Location,Latitude,34.730724,10/14/2014,,http://linkdata.org/work/rdf1s8i
Shiga,Location,Latitude,35.004717,10/14/2014,,http://linkdata.org/work/rdf1s8i
Kyoto,Location,Latitude,35.02114,10/14/2014,,http://linkdata.org/work/rdf1s8i
Osaka,Location,Latitude,34.6830438,10/14/2014,,http://linkdata.org/work/rdf1s8i
Hyogo,Location,Latitude,34.691468,10/14/2014,,http://linkdata.org/work/rdf1s8i
Nara,Location,Latitude,34.685425,10/14/2014,,http://linkdata.org/work/rdf1s8i
Wakayama,Location,Latitude,34.225172,10/14/2014,,http://linkdata.org/work/rdf1s8i
Tottori,Location,Latitude,35.503653,10/14/2014,,http://linkdata.org/work/rdf1s8i
Shimane,Location,Latitude,35.471366,10/14/2014,,http://linkdata.org/work/rdf1s8i
Okayama,Location,Latitude,34.66169,10/14/2014,,http://linkdata.org/work/rdf1s8i
Hiroshima,Location,Latitude,34.39588,10/14/2014,,http://linkdata.org/work/rdf1s8i
Yamaguchi,Location,Latitude,34.185891,10/14/2014,,http://linkdata.org/work/rdf1s8i
Tokushima,Location,Latitude,34.065921,10/14/2014,,http://linkdata.org/work/rdf1s8i
Kagawa,Location,Latitude,34.340336,10/14/2014,,http://linkdata.org/work/rdf1s8i
Ehime,Location,Latitude,33.841878,10/14/2014,,http://linkdata.org/work/rdf1s8i
Kochi,Location,Latitude,33.559868,10/14/2014,,http://linkdata.org/work/rdf1s8i
Fukuoka,Location,Latitude,33.606935,10/14/2014,,http://linkdata.org/work/rdf1s8i
Saga,Location,Latitude,33.249527,10/14/2014,,http://linkdata.org/work/rdf1s8i
Nagasaki,Location,Latitude,32.744674,10/14/2014,,http://linkdata.org/work/rdf1s8i
Kumamoto,Location,Latitude,32.790513,10/14/2014,,http://linkdata.org/work/rdf1s8i
Oita,Location,Latitude,33.238391,10/14/2014,,http://linkdata.org/work/rdf1s8i
Miyazaki,Location,Latitude,31.911188,10/14/2014,,http://linkdata.org/work/rdf1s8i
Kagoshima,Location,Latitude,31.560052,10/14/2014,,http://linkdata.org/work/rdf1s8i
Okinawa,Location,Latitude,26.211761,10/14/2014,,http://linkdata.org/work/rdf1s8i
Hokkaido,Location,Longitude,141.347644,10/14/2014,,http://linkdata.org/work/rdf1s8i
Aomori,Location,Longitude,140.740031,10/14/2014,,http://linkdata.org/work/rdf1s8i
Iwate,Location,Longitude,141.152717,10/14/2014,,http://linkdata.org/work/rdf1s8i
Miyagi,Location,Longitude,140.872212,10/14/2014,,http://linkdata.org/work/rdf1s8i
Akita,Location,Longitude,140.103416,10/14/2014,,http://linkdata.org/work/rdf1s8i
Yamagata,Location,Longitude,140.362582,10/14/2014,,http://linkdata.org/work/rdf1s8i
Fukushima,Location,Longitude,140.466769,10/14/2014,,http://linkdata.org/work/rdf1s8i
Ibaraki,Location,Longitude,140.446792,10/14/2014,,http://linkdata.org/work/rdf1s8i
Tochigi,Location,Longitude,139.883507,10/14/2014,,http://linkdata.org/work/rdf1s8i
Gunma,Location,Longitude,139.060852,10/14/2014,,http://linkdata.org/work/rdf1s8i
Saitama,Location,Longitude,139.648663,10/14/2014,,http://linkdata.org/work/rdf1s8i
Chiba,Location,Longitude,140.123135,10/14/2014,,http://linkdata.org/work/rdf1s8i
Tokyo,Location,Longitude,139.691643,10/14/2014,,http://linkdata.org/work/rdf1s8i
Kanagawa,Location,Longitude,139.642323,10/14/2014,,http://linkdata.org/work/rdf1s8i
Niigata,Location,Longitude,139.022861,10/14/2014,,http://linkdata.org/work/rdf1s8i
Toyama,Location,Longitude,137.211319,10/14/2014,,http://linkdata.org/work/rdf1s8i
Ishikawa,Location,Longitude,136.625578,10/14/2014,,http://linkdata.org/work/rdf1s8i
Fukui,Location,Longitude,136.221702,10/14/2014,,http://linkdata.org/work/rdf1s8i
Yamanashi,Location,Longitude,138.568999,10/14/2014,,http://linkdata.org/work/rdf1s8i
Nagano,Location,Longitude,138.181066,10/14/2014,,http://linkdata.org/work/rdf1s8i
Gifu,Location,Longitude,136.722298,10/14/2014,,http://linkdata.org/work/rdf1s8i
Shizuoka,Location,Longitude,138.383122,10/14/2014,,http://linkdata.org/work/rdf1s8i
Aichi,Location,Longitude,136.906705,10/14/2014,,http://linkdata.org/work/rdf1s8i
Mie,Location,Longitude,136.508644,10/14/2014,,http://linkdata.org/work/rdf1s8i
Shiga,Location,Longitude,135.868637,10/14/2014,,http://linkdata.org/work/rdf1s8i
Kyoto,Location,Longitude,135.755796,10/14/2014,,http://linkdata.org/work/rdf1s8i
Osaka,Location,Longitude,135.522548,10/14/2014,,http://linkdata.org/work/rdf1s8i
Hyogo,Location,Longitude,135.183129,10/14/2014,,http://linkdata.org/work/rdf1s8i
Nara,Location,Longitude,135.832846,10/14/2014,,http://linkdata.org/work/rdf1s8i
Wakayama,Location,Longitude,135.167862,10/14/2014,,http://linkdata.org/work/rdf1s8i
Tottori,Location,Longitude,134.23824,10/14/2014,,http://linkdata.org/work/rdf1s8i
Shimane,Location,Longitude,133.050826,10/14/2014,,http://linkdata.org/work/rdf1s8i
Okayama,Location,Longitude,133.934067,10/14/2014,,http://linkdata.org/work/rdf1s8i
Hiroshima,Location,Longitude,132.459206,10/14/2014,,http://linkdata.org/work/rdf1s8i
Yamaguchi,Location,Longitude,131.470748,10/14/2014,,http://linkdata.org/work/rdf1s8i
Tokushima,Location,Longitude,134.55929,10/14/2014,,http://linkdata.org/work/rdf1s8i
Kagawa,Location,Longitude,134.043372,10/14/2014,,http://linkdata.org/work/rdf1s8i
Ehime,Location,Longitude,132.765825,10/14/2014,,http://linkdata.org/work/rdf1s8i
Kochi,Location,Longitude,133.530942,10/14/2014,,http://linkdata.org/work/rdf1s8i
Fukuoka,Location,Longitude,130.418206,10/14/2014,,http://linkdata.org/work/rdf1s8i
Saga,Location,Longitude,130.298815,10/14/2014,,http://linkdata.org/work/rdf1s8i
Nagasaki,Location,Longitude,129.873042,10/14/2014,,http://linkdata.org/work/rdf1s8i
Kumamoto,Location,Longitude,130.742388,10/14/2014,,http://linkdata.org/work/rdf1s8i
Oita,Location,Longitude,131.612658,10/14/2014,,http://linkdata.org/work/rdf1s8i
Miyazaki,Location,Longitude,131.423873,10/14/2014,,http://linkdata.org/work/rdf1s8i
Kagoshima,Location,Longitude,130.557745,10/14/2014,,http://linkdata.org/work/rdf1s8i
Okinawa,Location,Longitude,127.681119,10/14/2014,,http://linkdata.org/work/rdf1s8i
Hokkaido,Admin,Capital,Sapporo,10/14/2014,,http://linkdata.org/work/rdf1s8i
Aomori,Admin,Capital,Aomori,10/14/2014,,http://linkdata.org/work/rdf1s8i
Iwate,Admin,Capital,Morioka,10/14/2014,,http://linkdata.org/work/rdf1s8i
Miyagi,Admin,Capital,Sendai,10/14/2014,,http://linkdata.org/work/rdf1s8i
Akita,Admin,Capital,Akita,10/14/2014,,http://linkdata.org/work/rdf1s8i
Yamagata,Admin,Capital,Yamagata,10/14/2014,,http://linkdata.org/work/rdf1s8i
Fukushima,Admin,Capital,Fukushima,10/14/2014,,http://linkdata.org/work/rdf1s8i
Ibaraki,Admin,Capital,Mito,10/14/2014,,http://linkdata.org/work/rdf1s8i
Tochigi,Admin,Capital,Utsunomiya,10/14/2014,,http://linkdata.org/work/rdf1s8i
Gunma,Admin,Capital,Maebashi,10/14/2014,,http://linkdata.org/work/rdf1s8i
Saitama,Admin,Capital,Saitama,10/14/2014,,http://linkdata.org/work/rdf1s8i
Chiba,Admin,Capital,Chiba,10/14/2014,,http://linkdata.org/work/rdf1s8i
Tokyo,Admin,Capital,Tokyo,10/14/2014,,http://linkdata.org/work/rdf1s8i
Kanagawa,Admin,Capital,Yokohama,10/14/2014,,http://linkdata.org/work/rdf1s8i
Niigata,Admin,Capital,Niigata,10/14/2014,,http://linkdata.org/work/rdf1s8i
Toyama,Admin,Capital,Toyama,10/14/2014,,http://linkdata.org/work/rdf1s8i
Ishikawa,Admin,Capital,Ishikawa,10/14/2014,,http://linkdata.org/work/rdf1s8i
Fukui,Admin,Capital,Fukui,10/14/2014,,http://linkdata.org/work/rdf1s8i
Yamanashi,Admin,Capital,Yamanashi,10/14/2014,,http://linkdata.org/work/rdf1s8i
Nagano,Admin,Capital,Nagano,10/14/2014,,http://linkdata.org/work/rdf1s8i
Gifu,Admin,Capital,Gifu,10/14/2014,,http://linkdata.org/work/rdf1s8i
Shizuoka,Admin,Capital,Shizuoka,10/14/2014,,http://linkdata.org/work/rdf1s8i
Aichi,Admin,Capital,Nagoya,10/14/2014,,http://linkdata.org/work/rdf1s8i
Mie,Admin,Capital,Mie,10/14/2014,,http://linkdata.org/work/rdf1s8i
Shiga,Admin,Capital,Otsu,10/14/2014,,http://linkdata.org/work/rdf1s8i
Kyoto,Admin,Capital,Kyoto,10/14/2014,,http://linkdata.org/work/rdf1s8i
Osaka,Admin,Capital,Osaka,10/14/2014,,http://linkdata.org/work/rdf1s8i
Hyogo,Admin,Capital,Kobe,10/14/2014,,http://linkdata.org/work/rdf1s8i
Nara,Admin,Capital,Nara,10/14/2014,,http://linkdata.org/work/rdf1s8i
Wakayama,Admin,Capital,Wakayama,10/14/2014,,http://linkdata.org/work/rdf1s8i
Tottori,Admin,Capital,Tottori,10/14/2014,,http://linkdata.org/work/rdf1s8i
Shimane,Admin,Capital,Matsue,10/14/2014,,http://linkdata.org/work/rdf1s8i
Okayama,Admin,Capital,Okayama,10/14/2014,,http://linkdata.org/work/rdf1s8i
Hiroshima,Admin,Capital,Hiroshima,10/14/2014,,http://linkdata.org/work/rdf1s8i
Yamaguchi,Admin,Capital,Yamaguchi,10/14/2014,,http://linkdata.org/work/rdf1s8i
Tokushima,Admin,Capital,Tokushima,10/14/2014,,http://linkdata.org/work/rdf1s8i
Kagawa,Admin,Capital,Takamatsu,10/14/2014,,http://linkdata.org/work/rdf1s8i
Ehime,Admin,Capital,Matsuyama,10/14/2014,,http://linkdata.org/work/rdf1s8i
Kochi,Admin,Capital,Kochi,10/14/2014,,http://linkdata.org/work/rdf1s8i
Fukuoka,Admin,Capital,Fukuoka,10/14/2014,,http://linkdata.org/work/rdf1s8i
Saga,Admin,Capital,Saga,10/14/2014,,http://linkdata.org/work/rdf1s8i
Nagasaki,Admin,Capital,Nagasaki,10/14/2014,,http://linkdata.org/work/rdf1s8i
Kumamoto,Admin,Capital,Kumamoto,10/14/2014,,http://linkdata.org/work/rdf1s8i
Oita,Admin,Capital,Oita,10/14/2014,,http://linkdata.org/work/rdf1s8i
Miyazaki,Admin,Capital,Miyazaki,10/14/2014,,http://linkdata.org/work/rdf1s8i
Kagoshima,Admin,Capital,Kagoshima,10/14/2014,,http://linkdata.org/work/rdf1s8i
Okinawa,Admin,Capital,Naha,10/14/2014,,http://linkdata.org/work/rdf1s8i
Hokkaido,Admin,Region,Hokkaido,4/11/2020,,https://ja.wikipedia.org/wiki/%E6%97%A5%E6%9C%AC%E3%81%AE%E5%9C%B0%E5%9F%37F
Aomori,Admin,Region,Tohoku,4/11/2020,,https://ja.wikipedia.org/wiki/%E6%97%A5%E6%9C%AC%E3%81%AE%E5%9C%B0%E5%9F%36F
Iwate,Admin,Region,Tohoku,4/11/2020,,https://ja.wikipedia.org/wiki/%E6%97%A5%E6%9C%AC%E3%81%AE%E5%9C%B0%E5%9F%35F
Miyagi,Admin,Region,Tohoku,4/11/2020,,https://ja.wikipedia.org/wiki/%E6%97%A5%E6%9C%AC%E3%81%AE%E5%9C%B0%E5%9F%34F
Akita,Admin,Region,Tohoku,4/11/2020,,https://ja.wikipedia.org/wiki/%E6%97%A5%E6%9C%AC%E3%81%AE%E5%9C%B0%E5%9F%33F
Yamagata,Admin,Region,Tohoku,4/11/2020,,https://ja.wikipedia.org/wiki/%E6%97%A5%E6%9C%AC%E3%81%AE%E5%9C%B0%E5%9F%32F
Fukushima,Admin,Region,Tohoku,4/11/2020,,https://ja.wikipedia.org/wiki/%E6%97%A5%E6%9C%AC%E3%81%AE%E5%9C%B0%E5%9F%31F
Ibaraki,Admin,Region,Kanto,4/11/2020,,https://ja.wikipedia.org/wiki/%E6%97%A5%E6%9C%AC%E3%81%AE%E5%9C%B0%E5%9F%30F
Tochigi,Admin,Region,Kanto,4/11/2020,,https://ja.wikipedia.org/wiki/%E6%97%A5%E6%9C%AC%E3%81%AE%E5%9C%B0%E5%9F%29F
Gunma,Admin,Region,Kanto,4/11/2020,,https://ja.wikipedia.org/wiki/%E6%97%A5%E6%9C%AC%E3%81%AE%E5%9C%B0%E5%9F%28F
Saitama,Admin,Region,Kanto,4/11/2020,,https://ja.wikipedia.org/wiki/%E6%97%A5%E6%9C%AC%E3%81%AE%E5%9C%B0%E5%9F%27F
Chiba,Admin,Region,Kanto,4/11/2020,,https://ja.wikipedia.org/wiki/%E6%97%A5%E6%9C%AC%E3%81%AE%E5%9C%B0%E5%9F%26F
Tokyo,Admin,Region,Kanto,4/11/2020,,https://ja.wikipedia.org/wiki/%E6%97%A5%E6%9C%AC%E3%81%AE%E5%9C%B0%E5%9F%25F
Kanagawa,Admin,Region,Kanto,4/11/2020,,https://ja.wikipedia.org/wiki/%E6%97%A5%E6%9C%AC%E3%81%AE%E5%9C%B0%E5%9F%24F
Niigata,Admin,Region,Chubu,4/11/2020,,https://ja.wikipedia.org/wiki/%E6%97%A5%E6%9C%AC%E3%81%AE%E5%9C%B0%E5%9F%23F
Toyama,Admin,Region,Chubu,4/11/2020,,https://ja.wikipedia.org/wiki/%E6%97%A5%E6%9C%AC%E3%81%AE%E5%9C%B0%E5%9F%22F
Ishikawa,Admin,Region,Chubu,4/11/2020,,https://ja.wikipedia.org/wiki/%E6%97%A5%E6%9C%AC%E3%81%AE%E5%9C%B0%E5%9F%21F
Fukui,Admin,Region,Chubu,4/11/2020,,https://ja.wikipedia.org/wiki/%E6%97%A5%E6%9C%AC%E3%81%AE%E5%9C%B0%E5%9F%20F
Yamanashi,Admin,Region,Chubu,4/11/2020,,https://ja.wikipedia.org/wiki/%E6%97%A5%E6%9C%AC%E3%81%AE%E5%9C%B0%E5%9F%19F
Nagano,Admin,Region,Chubu,4/11/2020,,https://ja.wikipedia.org/wiki/%E6%97%A5%E6%9C%AC%E3%81%AE%E5%9C%B0%E5%9F%18F
Gifu,Admin,Region,Chubu,4/11/2020,,https://ja.wikipedia.org/wiki/%E6%97%A5%E6%9C%AC%E3%81%AE%E5%9C%B0%E5%9F%17F
Shizuoka,Admin,Region,Chubu,4/11/2020,,https://ja.wikipedia.org/wiki/%E6%97%A5%E6%9C%AC%E3%81%AE%E5%9C%B0%E5%9F%16F
Aichi,Admin,Region,Chubu,4/11/2020,,https://ja.wikipedia.org/wiki/%E6%97%A5%E6%9C%AC%E3%81%AE%E5%9C%B0%E5%9F%15F
Mie,Admin,Region,Kinki,4/11/2020,,https://ja.wikipedia.org/wiki/%E6%97%A5%E6%9C%AC%E3%81%AE%E5%9C%B0%E5%9F%14F
Shiga,Admin,Region,Kinki,4/11/2020,,https://ja.wikipedia.org/wiki/%E6%97%A5%E6%9C%AC%E3%81%AE%E5%9C%B0%E5%9F%13F
Kyoto,Admin,Region,Kinki,4/11/2020,,https://ja.wikipedia.org/wiki/%E6%97%A5%E6%9C%AC%E3%81%AE%E5%9C%B0%E5%9F%12F
Osaka,Admin,Region,Kinki,4/11/2020,,https://ja.wikipedia.org/wiki/%E6%97%A5%E6%9C%AC%E3%81%AE%E5%9C%B0%E5%9F%11F
Hyogo,Admin,Region,Kinki,4/11/2020,,https://ja.wikipedia.org/wiki/%E6%97%A5%E6%9C%AC%E3%81%AE%E5%9C%B0%E5%9F%10F
Nara,Admin,Region,Kinki,4/11/2020,,https://ja.wikipedia.org/wiki/%E6%97%A5%E6%9C%AC%E3%81%AE%E5%9C%B0%E5%9F%9F
Wakayama,Admin,Region,Kinki,4/11/2020,,https://ja.wikipedia.org/wiki/%E6%97%A5%E6%9C%AC%E3%81%AE%E5%9C%B0%E5%9F%8F
Tottori,Admin,Region,Chugoku,4/11/2020,,https://ja.wikipedia.org/wiki/%E6%97%A5%E6%9C%AC%E3%81%AE%E5%9C%B0%E5%9F%7F
Shimane,Admin,Region,Chugoku,4/11/2020,,https://ja.wikipedia.org/wiki/%E6%97%A5%E6%9C%AC%E3%81%AE%E5%9C%B0%E5%9F%6F
Okayama,Admin,Region,Chugoku,4/11/2020,,https://ja.wikipedia.org/wiki/%E6%97%A5%E6%9C%AC%E3%81%AE%E5%9C%B0%E5%9F%5F
Hiroshima,Admin,Region,Chugoku,4/11/2020,,https://ja.wikipedia.org/wiki/%E6%97%A5%E6%9C%AC%E3%81%AE%E5%9C%B0%E5%9F%4F
Yamaguchi,Admin,Region,Chugoku,4/11/2020,,https://ja.wikipedia.org/wiki/%E6%97%A5%E6%9C%AC%E3%81%AE%E5%9C%B0%E5%9F%3F
Tokushima,Admin,Region,Shikoku,4/11/2020,,https://ja.wikipedia.org/wiki/%E6%97%A5%E6%9C%AC%E3%81%AE%E5%9C%B0%E5%9F%2F
Kagawa,Admin,Region,Shikoku,4/11/2020,,https://ja.wikipedia.org/wiki/%E6%97%A5%E6%9C%AC%E3%81%AE%E5%9C%B0%E5%9F%1F
Ehime,Admin,Region,Shikoku,4/11/2020,,https://ja.wikipedia.org/wiki/%E6%97%A5%E6%9C%AC%E3%81%AE%E5%9C%B0%E5%9F%0F
Kochi,Admin,Region,Shikoku,4/11/2020,,https://ja.wikipedia.org/wiki/%E6%97%A5%E6%9C%AC%E3%81%AE%E5%9C%B0%E5%9F%1F
Fukuoka,Admin,Region,Kyushu,4/11/2020,,https://ja.wikipedia.org/wiki/%E6%97%A5%E6%9C%AC%E3%81%AE%E5%9C%B0%E5%9F%2F
Saga,Admin,Region,Kyushu,4/11/2020,,https://ja.wikipedia.org/wiki/%E6%97%A5%E6%9C%AC%E3%81%AE%E5%9C%B0%E5%9F%3F
Nagasaki,Admin,Region,Kyushu,4/11/2020,,https://ja.wikipedia.org/wiki/%E6%97%A5%E6%9C%AC%E3%81%AE%E5%9C%B0%E5%9F%4F
Kumamoto,Admin,Region,Kyushu,4/11/2020,,https://ja.wikipedia.org/wiki/%E6%97%A5%E6%9C%AC%E3%81%AE%E5%9C%B0%E5%9F%5F
Oita,Admin,Region,Kyushu,4/11/2020,,https://ja.wikipedia.org/wiki/%E6%97%A5%E6%9C%AC%E3%81%AE%E5%9C%B0%E5%9F%6F
Miyazaki,Admin,Region,Kyushu,4/11/2020,,https://ja.wikipedia.org/wiki/%E6%97%A5%E6%9C%AC%E3%81%AE%E5%9C%B0%E5%9F%7F
Kagoshima,Admin,Region,Kyushu,4/11/2020,,https://ja.wikipedia.org/wiki/%E6%97%A5%E6%9C%AC%E3%81%AE%E5%9C%B0%E5%9F%8F
Okinawa,Admin,Region,Okinawa,4/11/2020,,https://ja.wikipedia.org/wiki/%E6%97%A5%E6%9C%AC%E3%81%AE%E5%9C%B0%E5%9F%9F
Hokkaido,Admin,Num,1,4/27/2012,http://nlftp.mlit.go.jp/ksj/gml/codelist/PrefCd.html,
Aomori,Admin,Num,2,4/27/2012,http://nlftp.mlit.go.jp/ksj/gml/codelist/PrefCd.html,
Iwate,Admin,Num,3,4/27/2012,http://nlftp.mlit.go.jp/ksj/gml/codelist/PrefCd.html,
Miyagi,Admin,Num,4,4/27/2012,http://nlftp.mlit.go.jp/ksj/gml/codelist/PrefCd.html,
Akita,Admin,Num,5,4/27/2012,http://nlftp.mlit.go.jp/ksj/gml/codelist/PrefCd.html,
Yamagata,Admin,Num,6,4/27/2012,http://nlftp.mlit.go.jp/ksj/gml/codelist/PrefCd.html,
Fukushima,Admin,Num,7,4/27/2012,http://nlftp.mlit.go.jp/ksj/gml/codelist/PrefCd.html,
Ibaraki,Admin,Num,8,4/27/2012,http://nlftp.mlit.go.jp/ksj/gml/codelist/PrefCd.html,
Tochigi,Admin,Num,9,4/27/2012,http://nlftp.mlit.go.jp/ksj/gml/codelist/PrefCd.html,
Gunma,Admin,Num,10,4/27/2012,http://nlftp.mlit.go.jp/ksj/gml/codelist/PrefCd.html,
Saitama,Admin,Num,11,4/27/2012,http://nlftp.mlit.go.jp/ksj/gml/codelist/PrefCd.html,
Chiba,Admin,Num,12,4/27/2012,http://nlftp.mlit.go.jp/ksj/gml/codelist/PrefCd.html,
Tokyo,Admin,Num,13,4/27/2012,http://nlftp.mlit.go.jp/ksj/gml/codelist/PrefCd.html,
Kanagawa,Admin,Num,14,4/27/2012,http://nlftp.mlit.go.jp/ksj/gml/codelist/PrefCd.html,
Niigata,Admin,Num,15,4/27/2012,http://nlftp.mlit.go.jp/ksj/gml/codelist/PrefCd.html,
Toyama,Admin,Num,16,4/27/2012,http://nlftp.mlit.go.jp/ksj/gml/codelist/PrefCd.html,
Ishikawa,Admin,Num,17,4/27/2012,http://nlftp.mlit.go.jp/ksj/gml/codelist/PrefCd.html,
Fukui,Admin,Num,18,4/27/2012,http://nlftp.mlit.go.jp/ksj/gml/codelist/PrefCd.html,
Yamanashi,Admin,Num,19,4/27/2012,http://nlftp.mlit.go.jp/ksj/gml/codelist/PrefCd.html,
Nagano,Admin,Num,20,4/27/2012,http://nlftp.mlit.go.jp/ksj/gml/codelist/PrefCd.html,
Gifu,Admin,Num,21,4/27/2012,http://nlftp.mlit.go.jp/ksj/gml/codelist/PrefCd.html,
Shizuoka,Admin,Num,22,4/27/2012,http://nlftp.mlit.go.jp/ksj/gml/codelist/PrefCd.html,
Aichi,Admin,Num,23,4/27/2012,http://nlftp.mlit.go.jp/ksj/gml/codelist/PrefCd.html,
Mie,Admin,Num,24,4/27/2012,http://nlftp.mlit.go.jp/ksj/gml/codelist/PrefCd.html,
Shiga,Admin,Num,25,4/27/2012,http://nlftp.mlit.go.jp/ksj/gml/codelist/PrefCd.html,
Kyoto,Admin,Num,26,4/27/2012,http://nlftp.mlit.go.jp/ksj/gml/codelist/PrefCd.html,
Osaka,Admin,Num,27,4/27/2012,http://nlftp.mlit.go.jp/ksj/gml/codelist/PrefCd.html,
Hyogo,Admin,Num,28,4/27/2012,http://nlftp.mlit.go.jp/ksj/gml/codelist/PrefCd.html,
Nara,Admin,Num,29,4/27/2012,http://nlftp.mlit.go.jp/ksj/gml/codelist/PrefCd.html,
Wakayama,Admin,Num,30,4/27/2012,http://nlftp.mlit.go.jp/ksj/gml/codelist/PrefCd.html,
Tottori,Admin,Num,31,4/27/2012,http://nlftp.mlit.go.jp/ksj/gml/codelist/PrefCd.html,
Shimane,Admin,Num,32,4/27/2012,http://nlftp.mlit.go.jp/ksj/gml/codelist/PrefCd.html,
Okayama,Admin,Num,33,4/27/2012,http://nlftp.mlit.go.jp/ksj/gml/codelist/PrefCd.html,
Hiroshima,Admin,Num,34,4/27/2012,http://nlftp.mlit.go.jp/ksj/gml/codelist/PrefCd.html,
Yamaguchi,Admin,Num,35,4/27/2012,http://nlftp.mlit.go.jp/ksj/gml/codelist/PrefCd.html,
Tokushima,Admin,Num,36,4/27/2012,http://nlftp.mlit.go.jp/ksj/gml/codelist/PrefCd.html,
Kagawa,Admin,Num,37,4/27/2012,http://nlftp.mlit.go.jp/ksj/gml/codelist/PrefCd.html,
Ehime,Admin,Num,38,4/27/2012,http://nlftp.mlit.go.jp/ksj/gml/codelist/PrefCd.html,
Kochi,Admin,Num,39,4/27/2012,http://nlftp.mlit.go.jp/ksj/gml/codelist/PrefCd.html,
Fukuoka,Admin,Num,40,4/27/2012,http://nlftp.mlit.go.jp/ksj/gml/codelist/PrefCd.html,
Saga,Admin,Num,41,4/27/2012,http://nlftp.mlit.go.jp/ksj/gml/codelist/PrefCd.html,
Nagasaki,Admin,Num,42,4/27/2012,http://nlftp.mlit.go.jp/ksj/gml/codelist/PrefCd.html,
Kumamoto,Admin,Num,43,4/27/2012,http://nlftp.mlit.go.jp/ksj/gml/codelist/PrefCd.html,
Oita,Admin,Num,44,4/27/2012,http://nlftp.mlit.go.jp/ksj/gml/codelist/PrefCd.html,
Miyazaki,Admin,Num,45,4/27/2012,http://nlftp.mlit.go.jp/ksj/gml/codelist/PrefCd.html,
Kagoshima,Admin,Num,46,4/27/2012,http://nlftp.mlit.go.jp/ksj/gml/codelist/PrefCd.html,
Okinawa,Admin,Num,47,4/27/2012,http://nlftp.mlit.go.jp/ksj/gml/codelist/PrefCd.html,
